,CLOSE,COLOR,HIGH,LOW,OPEN,PRICE,TIMESTAMP,DATE
0,231.7675,RED,233.76,226.53,232.57875,233.02,1514104560,2017-12-24 08:36:00
1,233.775,GREEN,235.88,230.3,232.173125,234.46,1514108160,2017-12-24 09:36:00
2,221.73,RED,234.46,215.35,232.9740625,218.56,1514111760,2017-12-24 10:36:00
3,215.065,RED,227.35203125,210.0,227.35203125,211.9,1514115360,2017-12-24 11:36:00
4,211.755,RED,221.208515625,209.65,221.208515625,209.0,1514118960,2017-12-24 12:36:00
5,214.9925,RED,224.0,200.76,216.481757813,217.21,1514122560,2017-12-24 13:36:00
6,220.2,GREEN,222.43,215.737128906,215.737128906,221.0,1514126160,2017-12-24 14:36:00
7,219.7725,GREEN,224.65,216.26,217.968564453,217.87,1514129760,2017-12-24 15:36:00
8,221.51,GREEN,223.12,216.02,218.870532227,223.79,1514133360,2017-12-24 16:36:00
9,219.5425,RED,225.0,217.8,220.190266113,217.69,1514136960,2017-12-24 17:36:00
10,215.2375,RED,222.49,210.0,219.866383057,213.46,1514140560,2017-12-24 18:36:00
11,211.84,RED,217.551941528,207.19,217.551941528,212.77,1514144160,2017-12-24 19:36:00
12,216.915,GREEN,220.0,209.63,214.695970764,219.03,1514147760,2017-12-24 20:36:00
13,219.6025,GREEN,221.47,215.805485382,215.805485382,221.4,1514151360,2017-12-24 21:36:00
14,218.4875,GREEN,221.47,215.94,217.703992691,218.27,1514154960,2017-12-24 22:36:00
15,225.495,GREEN,229.88,218.0,218.095746346,227.1,1514158560,2017-12-24 23:36:00
16,229.155,GREEN,230.14,221.795373173,221.795373173,231.46,1514162160,2017-12-25 00:36:00
17,227.8025,GREEN,232.42,225.475186586,225.475186586,225.88,1514165760,2017-12-25 01:36:00
18,227.24,GREEN,230.74,225.73,226.638843293,226.02,1514169360,2017-12-25 02:36:00
19,226.785,RED,228.37,221.99,226.939421647,228.39,1514172960,2017-12-25 03:36:00
20,227.5475,GREEN,229.94,221.76,226.862210823,228.55,1514176560,2017-12-25 04:36:00
21,231.17,GREEN,232.73,227.204855412,227.204855412,231.7,1514180160,2017-12-25 05:36:00
22,231.465,GREEN,234.54,229.187427706,229.187427706,230.69,1514183760,2017-12-25 06:36:00
23,230.9925,GREEN,233.56,226.93,230.326213853,231.74,1514187360,2017-12-25 07:36:00
24,234.03,GREEN,235.0,230.659356926,230.659356926,235.0,1514190960,2017-12-25 08:36:00
25,232.9475,GREEN,235.0,232.09,232.344678463,232.0,1514194560,2017-12-25 09:36:00
26,232.94,GREEN,235.0,231.38,232.646089232,232.38,1514198160,2017-12-25 10:36:00
27,231.3075,RED,233.38,228.08,232.793044616,232.0,1514201760,2017-12-25 11:36:00
28,234.6425,GREEN,235.92,231.77,232.050272308,235.45,1514205360,2017-12-25 12:36:00
29,236.7125,GREEN,239.85,233.346386154,233.346386154,236.0,1514208960,2017-12-25 13:36:00
30,228.925,RED,236.47,225.21,235.029443077,227.03,1514212560,2017-12-25 14:36:00
31,226.3625,RED,231.977221538,223.63,231.977221538,225.55,1514216160,2017-12-25 15:36:00
32,228.2125,RED,230.0,225.55,229.169860769,228.65,1514219760,2017-12-25 16:36:00
33,226.205,RED,228.73,225.0,228.691180385,225.55,1514223360,2017-12-25 17:36:00
34,226.375,RED,228.0,224.56,227.448090192,226.47,1514226960,2017-12-25 18:36:00
35,227.98,GREEN,229.9,225.9,226.911545096,228.06,1514230560,2017-12-25 19:36:00
36,227.8575,GREEN,229.18,226.22,227.445772548,228.01,1514234160,2017-12-25 20:36:00
37,224.0325,RED,228.02,222.08,227.651636274,223.01,1514237760,2017-12-25 21:36:00
38,221.495,RED,225.842068137,220.1,225.842068137,220.17,1514241360,2017-12-25 22:36:00
39,223.12,RED,224.75,220.17,223.668534069,224.0,1514244960,2017-12-25 23:36:00
40,224.9225,GREEN,227.0,222.57,223.394267034,225.06,1514248560,2017-12-26 00:36:00
41,222.95,RED,226.55,220.03,224.158383517,222.61,1514252160,2017-12-26 01:36:00
42,223.535,RED,225.18,221.93,223.554191759,223.46,1514255760,2017-12-26 02:36:00
43,224.99,GREEN,225.46,222.92,223.544595879,226.12,1514259360,2017-12-26 03:36:00
44,229.905,GREEN,232.08,224.26729794,224.26729794,231.04,1514262960,2017-12-26 04:36:00
45,230.57,GREEN,232.0,227.08614897,227.08614897,230.12,1514266560,2017-12-26 05:36:00
46,231.14,GREEN,232.0,228.56,228.828074485,232.0,1514270160,2017-12-26 06:36:00
47,230.63,GREEN,232.08,228.3,229.984037242,231.07,1514273760,2017-12-26 07:36:00
48,229.645,RED,232.08,228.0,230.307018621,228.63,1514280960,2017-12-26 09:36:00
49,231.155,GREEN,232.08,228.56,229.976009311,231.99,1514284560,2017-12-26 10:36:00
50,228.9925,RED,232.08,227.09,230.565504655,227.84,1514288160,2017-12-26 11:36:00
51,229.2875,RED,230.5,226.5,229.779002328,231.0,1514291760,2017-12-26 12:36:00
52,230.4675,GREEN,232.06,229.15,229.533251164,230.33,1514295360,2017-12-26 13:36:00
53,232.31,GREEN,233.11,229.92,230.000375582,233.1,1514298960,2017-12-26 14:36:00
54,231.8075,GREEN,234.85,230.49,231.155187791,230.89,1514302560,2017-12-26 15:36:00
55,231.925,GREEN,232.76,230.0,231.481343895,232.54,1514306160,2017-12-26 16:36:00
56,235.0675,GREEN,239.1,231.05,231.703171948,235.08,1514309760,2017-12-26 17:36:00
57,234.4425,GREEN,237.87,233.0,233.385335974,233.9,1514313360,2017-12-26 18:36:00
58,236.0125,GREEN,237.25,232.84,233.913917987,236.98,1514316960,2017-12-26 19:36:00
59,236.56,GREEN,237.86,234.963208993,234.963208993,236.22,1514320560,2017-12-26 20:36:00
60,234.49,RED,237.23,232.73,235.761604497,234.0,1514324160,2017-12-26 21:36:00
61,233.315,RED,236.34,232.2,235.125802248,231.52,1514327760,2017-12-26 22:36:00
62,231.32,RED,234.220401124,230.03,234.220401124,230.14,1514331360,2017-12-26 23:36:00
63,231.8875,RED,233.39,230.0,232.770200562,232.08,1514334960,2017-12-27 00:36:00
64,231.67,RED,232.98,230.04,232.328850281,231.83,1514338560,2017-12-27 01:36:00
65,231.74,RED,234.51,230.22,231.999425141,231.77,1514342160,2017-12-27 02:36:00
66,231.8975,GREEN,234.11,230.46,231.86971257,231.51,1514345760,2017-12-27 03:36:00
67,232.23,GREEN,233.4,230.24,231.883606285,232.64,1514349360,2017-12-27 04:36:00
68,234.03,GREEN,235.5,230.57,232.056803143,235.0,1514352960,2017-12-27 05:36:00
69,234.04,GREEN,235.27,233.0,233.043401571,233.93,1514356560,2017-12-27 06:36:00
70,231.555,RED,234.0,230.0,233.541700786,231.36,1514360160,2017-12-27 07:36:00
71,232.0675,RED,233.52,230.03,232.548350393,233.22,1514363760,2017-12-27 08:36:00
72,230.5,RED,233.99,229.33,232.307925196,229.34,1514367360,2017-12-27 09:36:00
73,229.07,RED,231.403962598,227.98,231.403962598,228.5,1514370960,2017-12-27 10:36:00
74,228.335,RED,230.5,225.22,230.236981299,228.8,1514374560,2017-12-27 11:36:00
75,230.925,GREEN,233.97,228.23,229.28599065,230.5,1514378160,2017-12-27 12:36:00
76,229.2975,RED,232.03,227.16,230.105495325,229.0,1514381760,2017-12-27 13:36:00
77,229.625,RED,230.5,228.0,229.701497662,230.0,1514385360,2017-12-27 14:36:00
78,226.3125,RED,230.9,222.0,229.663248831,226.45,1514388960,2017-12-27 15:36:00
79,222.905,RED,227.987874416,221.17,227.987874416,222.0,1514392560,2017-12-27 16:36:00
80,219.99,RED,225.446437208,215.0,225.446437208,221.0,1514396160,2017-12-27 17:36:00
81,223.03,GREEN,225.94,221.0,222.718218604,222.68,1514399760,2017-12-27 18:36:00
82,223.6625,GREEN,226.82,219.0,222.874109302,224.2,1514403360,2017-12-27 19:36:00
83,220.6275,RED,224.79,219.0,223.268304651,218.95,1514406960,2017-12-27 20:36:00
84,222.405,GREEN,223.88,218.0,221.947902325,223.87,1514410560,2017-12-27 21:36:00
85,223.49,GREEN,225.0,219.42,222.176451163,224.67,1514414160,2017-12-27 22:36:00
86,222.6425,RED,224.97,220.88,222.833225581,222.36,1514417760,2017-12-27 23:36:00
87,222.22,RED,224.0,220.88,222.737862791,222.0,1514421360,2017-12-28 00:36:00
88,221.665,RED,222.478931395,220.06,222.478931395,222.15,1514424960,2017-12-28 01:36:00
89,220.92,RED,223.68,220.0,222.071965698,220.0,1514428560,2017-12-28 02:36:00
90,214.3925,RED,221.495982849,210.0,221.495982849,213.78,1514432160,2017-12-28 03:36:00
91,215.96,RED,223.84,210.0,217.944241424,215.0,1514435760,2017-12-28 04:36:00
92,211.76,RED,216.952120712,207.45,216.952120712,211.79,1514439360,2017-12-28 05:36:00
93,210.4225,RED,214.99,207.0,214.356060356,209.86,1514442960,2017-12-28 06:36:00
94,212.675,GREEN,215.0,209.47,212.389280178,213.11,1514446560,2017-12-28 07:36:00
95,213.48,GREEN,215.0,210.2,212.532140089,214.0,1514450160,2017-12-28 08:36:00
96,213.935,GREEN,215.0,210.74,213.006070045,215.0,1514453760,2017-12-28 09:36:00
97,217.2525,GREEN,222.34,213.470535022,213.470535022,215.65,1514457360,2017-12-28 10:36:00
98,209.8175,RED,216.83,206.54,215.361517511,207.95,1514460960,2017-12-28 11:36:00
99,210.3025,RED,212.589508756,206.55,212.589508756,211.36,1514464560,2017-12-28 12:36:00
100,212.6625,GREEN,215.65,208.0,211.446004378,213.5,1514468160,2017-12-28 13:36:00
101,211.8575,RED,214.72,208.0,212.054252189,212.61,1514471760,2017-12-28 14:36:00
102,212.1025,GREEN,213.71,210.5,211.955876094,212.1,1514475360,2017-12-28 15:36:00
103,210.07,RED,213.16,208.87,212.029188047,209.05,1514478960,2017-12-28 16:36:00
104,205.915,RED,211.049594024,203.01,211.049594024,205.43,1514482560,2017-12-28 17:36:00
105,202.865,RED,208.482297012,201.0,208.482297012,201.04,1514486160,2017-12-28 18:36:00
106,201.6625,RED,205.673648506,194.79,205.673648506,202.9,1514489760,2017-12-28 19:36:00
107,206.4025,GREEN,209.0,202.66,203.668074253,207.0,1514493360,2017-12-28 20:36:00
108,204.35,RED,207.93,203.0,205.035287126,203.22,1514496960,2017-12-28 21:36:00
109,207.195,GREEN,208.9,203.0,204.692643563,208.44,1514500560,2017-12-28 22:36:00
110,209.1275,GREEN,210.0,205.943821782,205.943821782,210.0,1514504160,2017-12-28 23:36:00
111,211.11,GREEN,213.49,207.535660891,207.535660891,211.14,1514507760,2017-12-29 00:36:00
112,210.5975,GREEN,214.14,209.19,209.322830445,209.53,1514511360,2017-12-29 01:36:00
113,211.25,GREEN,212.96,208.05,209.960165223,211.56,1514514960,2017-12-29 02:36:00
114,213.85,GREEN,216.4,210.605082611,210.605082611,213.72,1514518560,2017-12-29 03:36:00
115,215.8375,GREEN,218.01,212.227541306,212.227541306,215.47,1514522160,2017-12-29 04:36:00
116,213.0425,RED,217.84,210.88,214.032520653,211.81,1514525760,2017-12-29 05:36:00
117,214.44,GREEN,216.18,211.64,213.537510326,214.97,1514529360,2017-12-29 06:36:00
118,211.1325,RED,214.97,207.96,213.988755163,210.8,1514532960,2017-12-29 07:36:00
119,210.6925,RED,212.560627582,208.0,212.560627582,211.32,1514536560,2017-12-29 08:36:00
120,209.285,RED,212.09,208.34,211.626563791,208.34,1514540160,2017-12-29 09:36:00
121,207.1025,RED,210.455781895,206.0,210.455781895,206.4,1514543760,2017-12-29 10:36:00
122,204.7525,RED,208.779140948,201.0,208.779140948,205.02,1514547360,2017-12-29 11:36:00
123,203.6525,RED,206.765820474,202.0,206.765820474,203.02,1514550960,2017-12-29 12:36:00
124,203.4075,RED,205.209160237,202.44,205.209160237,203.34,1514554560,2017-12-29 13:36:00
125,205.9175,GREEN,208.16,202.0,204.308330118,207.0,1514558160,2017-12-29 14:36:00
126,207.21,GREEN,208.86,205.06,205.112915059,207.0,1514561760,2017-12-29 15:36:00
127,212.92,GREEN,214.84,206.16145753,206.16145753,215.0,1514565360,2017-12-29 16:36:00
128,212.6125,GREEN,215.85,209.540728765,209.540728765,212.07,1514568960,2017-12-29 17:36:00
129,210.375,RED,213.62,208.7,211.076614382,209.68,1514572560,2017-12-29 18:36:00
130,207.92,RED,210.725807191,206.47,210.725807191,208.02,1514576160,2017-12-29 19:36:00
131,208.63,RED,210.66,206.61,209.322903596,208.25,1514579760,2017-12-29 20:36:00
132,206.62,RED,209.0,205.21,208.976451798,206.0,1514583360,2017-12-29 21:36:00
133,206.64,RED,208.98,205.06,207.798225899,206.0,1514586960,2017-12-29 22:36:00
134,206.565,RED,207.91,206.0,207.219112949,206.02,1514590560,2017-12-29 23:36:00
135,204.2325,RED,208.02,203.0,206.892056475,202.55,1514594160,2017-12-30 00:36:00
136,201.7875,RED,205.562278237,200.66,205.562278237,201.5,1514597760,2017-12-30 01:36:00
137,195.8,RED,203.674889119,193.5,203.674889119,193.49,1514601360,2017-12-30 02:36:00
138,194.21,RED,199.737444559,192.35,199.737444559,193.82,1514604960,2017-12-30 03:36:00
139,194.4225,RED,198.29,191.0,196.97372228,194.4,1514608560,2017-12-30 04:36:00
140,196.095,GREEN,198.18,191.0,195.69811114,197.6,1514612160,2017-12-30 05:36:00
141,196.245,GREEN,198.8,195.0,195.89655557,196.18,1514615760,2017-12-30 06:36:00
142,194.485,RED,197.61,191.02,196.070777785,194.54,1514619360,2017-12-30 07:36:00
143,193.7425,RED,196.99,190.0,195.277888892,193.99,1514622960,2017-12-30 08:36:00
144,193.34,RED,197.0,190.8,194.510194446,192.06,1514626560,2017-12-30 09:36:00
145,192.5675,RED,195.06,190.0,193.925097223,193.0,1514630160,2017-12-30 10:36:00
146,193.0375,RED,195.0,190.4,193.246298612,193.5,1514633760,2017-12-30 11:36:00
147,189.6825,RED,194.34,187.71,193.141899306,188.2,1514637360,2017-12-30 12:36:00
148,183.18,RED,191.412199653,178.44,191.412199653,182.63,1514640960,2017-12-30 13:36:00
149,183.225,RED,188.99,180.04,187.296099826,181.07,1514644560,2017-12-30 14:36:00
150,182.6825,RED,185.92,180.0,185.260549913,182.41,1514648160,2017-12-30 15:36:00
151,177.9,RED,183.971524957,176.0,183.971524957,176.03,1514651760,2017-12-30 16:36:00
152,180.355,RED,183.0,172.44,180.935762478,183.0,1514655360,2017-12-30 17:36:00
153,182.765,GREEN,187.5,180.645381239,180.645381239,180.81,1514658960,2017-12-30 18:36:00
154,183.955,GREEN,187.86,175.5,181.70519062,185.98,1514662560,2017-12-30 19:36:00
155,185.655,GREEN,188.43,182.83009531,182.83009531,183.93,1514666160,2017-12-30 20:36:00
156,183.3975,RED,185.82,182.14,184.242547655,182.65,1514669760,2017-12-30 21:36:00
157,185.1875,GREEN,186.61,182.16,183.820023827,185.98,1514673360,2017-12-30 22:36:00
158,183.285,RED,186.61,181.8,184.503761914,182.25,1514676960,2017-12-30 23:36:00
159,179.9775,RED,183.894380957,175.59,183.894380957,180.54,1514680560,2017-12-31 00:36:00
160,182.815,GREEN,183.78,180.54,181.935940478,183.47,1514684160,2017-12-31 01:36:00
161,183.4675,GREEN,185.23,182.01,182.375470239,183.28,1514687760,2017-12-31 02:36:00
162,190.5175,GREEN,194.77,182.92148512,182.92148512,192.01,1514691360,2017-12-31 03:36:00
163,188.255,GREEN,192.69,186.33,186.71949256,187.0,1514694960,2017-12-31 04:36:00
164,185.1575,RED,187.48724628,184.57,187.48724628,184.46,1514698560,2017-12-31 05:36:00
165,181.155,RED,186.32237314,180.0,186.32237314,180.01,1514702160,2017-12-31 06:36:00
166,180.5875,RED,183.73868657,178.0,183.73868657,181.44,1514705760,2017-12-31 07:36:00
167,181.415,RED,184.19,179.95,182.163093285,180.71,1514709360,2017-12-31 08:36:00
168,179.5375,RED,181.789046642,178.74,181.789046642,178.76,1514712960,2017-12-31 09:36:00
169,178.3725,RED,180.663273321,176.0,180.663273321,179.0,1514716560,2017-12-31 10:36:00
170,179.235,RED,180.0,176.95,179.517886661,180.0,1514720160,2017-12-31 11:36:00
171,183.175,GREEN,185.0,179.37644333,179.37644333,183.91,1514723760,2017-12-31 12:36:00
172,184.115,GREEN,190.54,181.275721665,181.275721665,182.23,1514727360,2017-12-31 13:36:00
173,183.9075,GREEN,185.63,182.0,182.695360833,184.0,1514730960,2017-12-31 14:36:00
174,185.1875,GREEN,186.98,183.301430416,183.301430416,185.01,1514734560,2017-12-31 15:36:00
175,195.4125,GREEN,199.29,184.244465208,184.244465208,198.68,1514752560,2017-12-31 20:36:00
176,198.3025,GREEN,200.71,189.828482604,189.828482604,197.5,1514756160,2017-12-31 21:36:00
177,199.9025,GREEN,201.77,194.065491302,194.065491302,200.17,1514759760,2017-12-31 22:36:00
178,197.875,GREEN,200.17,196.8,196.983995651,197.12,1514763360,2017-12-31 23:36:00
179,193.3825,RED,197.58,191.1,197.429497826,192.68,1514766960,2018-01-01 00:36:00
180,191.8225,RED,195.405998913,190.06,195.405998913,190.61,1514770560,2018-01-01 01:36:00
181,188.2225,RED,193.614249456,186.15,193.614249456,187.41,1514774160,2018-01-01 02:36:00
182,190.0675,RED,191.62,186.93,190.918374728,190.86,1514777760,2018-01-01 03:36:00
183,191.7275,GREEN,193.47,189.58,190.492937364,191.93,1514781360,2018-01-01 04:36:00
184,193.25,GREEN,194.0,191.0,191.110218682,194.0,1514784960,2018-01-01 05:36:00
185,196.9875,GREEN,199.42,192.180109341,192.180109341,198.0,1514788560,2018-01-01 06:36:00
186,197.8,GREEN,200.5,194.583804671,194.583804671,197.11,1514792160,2018-01-01 07:36:00
187,195.4575,RED,199.28,192.55,196.191902335,195.0,1514795760,2018-01-01 08:36:00
188,195.5925,RED,197.03,192.0,195.824701168,196.67,1514799360,2018-01-01 09:36:00
189,195.45,RED,197.04,192.24,195.708600584,196.26,1514802960,2018-01-01 10:36:00
190,193.23,RED,196.92,192.0,195.579300292,192.0,1514806560,2018-01-01 11:36:00
191,193.4425,RED,195.6,191.82,194.404650146,193.84,1514810160,2018-01-01 12:36:00
192,192.2025,RED,194.81,191.5,193.923575073,191.0,1514813760,2018-01-01 13:36:00
193,189.385,RED,193.063037536,187.51,193.063037536,189.03,1514817360,2018-01-01 14:36:00
194,191.4975,GREEN,192.99,189.0,191.224018768,192.0,1514820960,2018-01-01 15:36:00
195,192.73,GREEN,194.84,191.360759384,191.360759384,192.04,1514824560,2018-01-01 16:36:00
196,191.765,RED,193.25,190.03,192.045379692,191.89,1514828160,2018-01-01 17:36:00
197,191.8725,RED,193.14,190.67,191.905189846,191.84,1514831760,2018-01-01 18:36:00
198,191.5025,RED,193.36,190.97,191.888844923,190.67,1514835360,2018-01-01 19:36:00
199,191.5075,RED,193.89,189.87,191.695672462,191.13,1514838960,2018-01-01 20:36:00
200,193.9675,GREEN,195.25,191.0,191.601586231,194.81,1514842560,2018-01-01 21:36:00
201,192.235,RED,194.9,191.0,192.784543115,191.5,1514846160,2018-01-01 22:36:00
202,191.81,RED,193.7,191.0,192.509771558,191.54,1514849760,2018-01-01 23:36:00
203,190.8825,RED,192.159885779,188.62,192.159885779,192.3,1514853360,2018-01-02 00:36:00
204,194.88,GREEN,197.62,190.7,191.521192889,196.0,1514856960,2018-01-02 01:36:00
205,201.68,GREEN,207.09,193.200596445,193.200596445,203.72,1514860560,2018-01-02 02:36:00
206,202.795,GREEN,207.99,197.440298222,197.440298222,202.61,1514864160,2018-01-02 03:36:00
207,199.8525,RED,202.77,198.2,200.117649111,199.22,1514867760,2018-01-02 04:36:00
208,198.73,RED,200.29,196.58,199.985074556,198.61,1514871360,2018-01-02 05:36:00
209,198.4875,RED,199.5,195.64,199.357537278,199.41,1514874960,2018-01-02 06:36:00
210,203.08,GREEN,204.96,198.922518639,198.922518639,204.0,1514878560,2018-01-02 07:36:00
211,206.6225,GREEN,209.0,201.001259319,201.001259319,207.0,1514882160,2018-01-02 08:36:00
212,206.1475,GREEN,207.5,203.81187966,203.81187966,205.99,1514885760,2018-01-02 09:36:00
213,205.195,GREEN,207.0,203.37,204.97968983,205.11,1514889360,2018-01-02 10:36:00
214,204.12,RED,205.5,203.0,205.087344915,204.98,1514892960,2018-01-02 11:36:00
215,206.0075,GREEN,207.03,203.0,204.603672457,207.0,1514896560,2018-01-02 12:36:00
216,213.86,GREEN,219.5,205.305586229,205.305586229,214.54,1514900160,2018-01-02 13:36:00
217,216.8025,GREEN,218.76,209.582793114,209.582793114,217.1,1514903760,2018-01-02 14:36:00
218,213.835,GREEN,217.99,211.68,213.192646557,212.82,1514907360,2018-01-02 15:36:00
219,214.3175,GREEN,215.47,212.0,213.513823279,215.0,1514910960,2018-01-02 16:36:00
220,212.7375,RED,215.33,211.12,213.915661639,212.0,1514914560,2018-01-02 17:36:00
221,211.9925,RED,214.0,208.0,213.32658082,212.99,1514918160,2018-01-02 18:36:00
222,210.2175,RED,213.76,208.75,212.65954041,209.18,1514921760,2018-01-02 19:36:00
223,211.59,GREEN,213.5,208.87,211.438520205,210.49,1514925360,2018-01-02 20:36:00
224,211.0875,RED,213.9,209.0,211.514260102,211.39,1514928960,2018-01-02 21:36:00
225,210.17,RED,211.4,209.01,211.300880051,210.15,1514932560,2018-01-02 22:36:00
226,210.015,RED,210.85,208.75,210.735440026,210.0,1514936160,2018-01-02 23:36:00
227,210.1875,RED,210.75,209.0,210.375220013,210.5,1514939760,2018-01-03 00:36:00
228,212.7075,GREEN,214.25,209.5,210.281360006,213.88,1514943360,2018-01-03 01:36:00
229,210.0875,RED,214.24,208.55,211.494430003,208.78,1514946960,2018-01-03 02:36:00
230,209.555,RED,210.97,207.9,210.790965002,209.66,1514950560,2018-01-03 03:36:00
231,209.3825,RED,211.43,206.74,210.172982501,209.68,1514954160,2018-01-03 04:36:00
232,212.07,GREEN,214.13,209.0,209.77774125,211.02,1514957760,2018-01-03 05:36:00
233,211.9225,GREEN,214.13,210.0,210.923870625,211.78,1514961360,2018-01-03 06:36:00
234,212.46,GREEN,213.96,210.7,211.423185313,212.59,1514964960,2018-01-03 07:36:00
235,209.56,RED,213.24,208.0,211.941592656,209.0,1514972160,2018-01-03 09:36:00
236,206.9675,RED,210.750796328,205.96,210.750796328,205.96,1514975760,2018-01-03 10:36:00
237,206.5975,RED,208.859148164,205.18,208.859148164,206.6,1514979360,2018-01-03 11:36:00
238,208.0775,GREEN,210.0,206.3,207.728324082,208.0,1514982960,2018-01-03 12:36:00
239,207.1275,RED,209.09,205.5,207.902912041,207.25,1514986560,2018-01-03 13:36:00
240,208.8975,GREEN,210.66,206.67,207.515206021,209.0,1514990160,2018-01-03 14:36:00
241,208.135,RED,210.0,207.03,208.20635301,207.35,1514993760,2018-01-03 15:36:00
242,208.3025,GREEN,211.0,205.03,208.170676505,208.59,1514997360,2018-01-03 16:36:00
243,207.7325,RED,208.74,206.95,208.236588253,208.29,1515000960,2018-01-03 17:36:00
244,205.8975,RED,208.59,205.0,207.984544126,205.0,1515004560,2018-01-03 18:36:00
245,205.0425,RED,207.5,203.02,206.941022063,204.53,1515008160,2018-01-03 19:36:00
246,204.4,RED,205.991761032,202.72,205.991761032,204.87,1515011760,2018-01-03 20:36:00
247,207.93,GREEN,210.93,202.82,205.195880516,209.97,1515015360,2018-01-03 21:36:00
248,207.245,GREEN,211.98,204.5,206.562940258,206.5,1515018960,2018-01-03 22:36:00
249,204.08,RED,207.0,202.5,206.903970129,203.42,1515022560,2018-01-03 23:36:00
250,202.185,RED,205.84,201.5,205.491985064,200.0,1515026160,2018-01-04 00:36:00
251,199.825,RED,203.838492532,198.67,203.838492532,199.32,1515029760,2018-01-04 01:36:00
252,198.725,RED,201.831746266,198.17,201.831746266,198.2,1515033360,2018-01-04 02:36:00
253,199.09,RED,200.278373133,196.19,200.278373133,200.01,1515036960,2018-01-04 03:36:00
254,199.23,RED,201.04,198.48,199.684186567,198.7,1515040560,2018-01-04 04:36:00
255,196.7225,RED,199.99,195.38,199.457093283,195.31,1515044160,2018-01-04 05:36:00
256,196.745,RED,198.61,195.22,198.089796642,196.15,1515047760,2018-01-04 06:36:00
257,193.92,RED,197.417398321,192.0,197.417398321,192.7,1515051360,2018-01-04 07:36:00
258,192.115,RED,196.31,190.1,195.66869916,190.3,1515054960,2018-01-04 08:36:00
259,193.465,RED,196.9,188.39,193.89184958,194.56,1515069360,2018-01-04 12:36:00
260,195.3675,GREEN,196.5,193.0,193.67842479,196.07,1515072960,2018-01-04 13:36:00
261,194.7725,GREEN,196.41,193.21,194.522962395,194.73,1515076560,2018-01-04 14:36:00
262,194.24,RED,195.98,193.11,194.647731198,193.95,1515080160,2018-01-04 15:36:00
263,196.4225,GREEN,197.8,193.22,194.443865599,196.87,1515083760,2018-01-04 16:36:00
264,202.31,GREEN,205.0,195.433182799,195.433182799,203.01,1515087360,2018-01-04 17:36:00
265,201.435,GREEN,204.99,198.8715914,198.8715914,199.0,1515090960,2018-01-04 18:36:00
266,200.1675,GREEN,201.92,196.75,200.1532957,201.0,1515094560,2018-01-04 19:36:00
267,198.1075,RED,203.1,196.0,200.16039785,197.32,1515098160,2018-01-04 20:36:00
268,198.345,RED,200.0,195.0,199.133948925,199.22,1515101760,2018-01-04 21:36:00
269,197.7,RED,199.5,195.0,198.739474462,198.38,1515105360,2018-01-04 22:36:00
270,200.2825,GREEN,201.45,197.92,198.219737231,200.45,1515108960,2018-01-04 23:36:00
271,199.535,GREEN,203.2,198.13,199.251118616,198.61,1515112560,2018-01-05 00:36:00
272,199.0625,RED,201.89,197.21,199.393059308,198.57,1515116160,2018-01-05 01:36:00
273,202.91,GREEN,205.0,197.64,199.227779654,204.5,1515119760,2018-01-05 02:36:00
274,204.2975,GREEN,209.0,200.01,201.068889827,204.09,1515123360,2018-01-05 03:36:00
275,201.405,RED,205.58,199.82,202.683194913,200.4,1515126960,2018-01-05 04:36:00
276,201.4675,RED,203.76,199.79,202.044097457,201.16,1515130560,2018-01-05 05:36:00
277,202.655,GREEN,205.6,201.16,201.755798728,201.94,1515134160,2018-01-05 06:36:00
278,201.635,RED,203.0,200.0,202.205399364,201.77,1515137760,2018-01-05 07:36:00
279,204.5725,GREEN,207.64,200.25,201.920199682,205.11,1515141360,2018-01-05 08:36:00
280,204.9125,GREEN,206.83,203.0,203.246349841,204.83,1515144960,2018-01-05 09:36:00
281,205.745,GREEN,208.0,203.05,204.079424921,205.97,1515148560,2018-01-05 10:36:00
282,208.1475,GREEN,209.62,204.91221246,204.91221246,208.32,1515152160,2018-01-05 11:36:00
283,207.68,GREEN,209.9,204.31,206.52985623,208.98,1515155760,2018-01-05 12:36:00
284,207.045,RED,208.98,205.2,207.104928115,207.0,1515159360,2018-01-05 13:36:00
285,207.8725,GREEN,209.0,206.0,207.074964058,208.5,1515162960,2018-01-05 14:36:00
286,206.9,RED,209.0,206.0,207.473732029,206.3,1515166560,2018-01-05 15:36:00
287,207.895,GREEN,209.0,205.0,207.186866014,208.79,1515170160,2018-01-05 16:36:00
288,204.7225,RED,208.79,201.01,207.540933007,205.06,1515173760,2018-01-05 17:36:00
289,201.4875,RED,206.131716504,200.0,206.131716504,200.01,1515177360,2018-01-05 18:36:00
290,204.9925,GREEN,207.49,200.0,203.809608252,205.5,1515180960,2018-01-05 19:36:00
291,205.5575,GREEN,209.71,202.1,204.401054126,205.42,1515184560,2018-01-05 20:36:00
292,204.1925,RED,206.63,202.0,204.979277063,204.07,1515188160,2018-01-05 21:36:00
293,205.68,GREEN,208.0,202.36,204.585888531,205.56,1515191760,2018-01-05 22:36:00
294,205.605,GREEN,207.95,204.47,205.132944266,205.0,1515195360,2018-01-05 23:36:00
295,205.335,RED,207.0,202.33,205.368972133,206.0,1515198960,2018-01-06 00:36:00
296,206.895,GREEN,208.3,205.351986066,205.351986066,206.8,1515202560,2018-01-06 01:36:00
297,218.2775,GREEN,222.0,206.11,206.123493033,223.0,1515206160,2018-01-06 02:36:00
298,229.76,GREEN,232.5,212.200496517,212.200496517,232.65,1515209760,2018-01-06 03:36:00
299,234.3475,GREEN,245.25,216.22,220.980248258,237.96,1515213360,2018-01-06 04:36:00
300,231.355,GREEN,241.62,227.0,227.663874129,228.7,1515216960,2018-01-06 05:36:00
301,235.27,GREEN,237.76,227.8,229.509437065,237.76,1515220560,2018-01-06 06:36:00
302,233.855,GREEN,240.0,230.74,232.389718532,232.0,1515224160,2018-01-06 07:36:00
303,235.5325,GREEN,239.99,231.1,233.122359266,236.02,1515227760,2018-01-06 08:36:00
304,240.055,GREEN,244.0,233.39,234.327429633,241.73,1515231360,2018-01-06 09:36:00
305,241.205,GREEN,245.0,235.23,237.191214817,241.01,1515234960,2018-01-06 10:36:00
306,247.0675,GREEN,250.0,239.198107408,239.198107408,248.9,1515238560,2018-01-06 11:36:00
307,249.5325,GREEN,255.5,243.132803704,243.132803704,250.01,1515242160,2018-01-06 12:36:00
308,245.53,RED,251.71,242.5,246.332651852,243.96,1515245760,2018-01-06 13:36:00
309,242.115,RED,245.931325926,238.0,245.931325926,242.08,1515249360,2018-01-06 14:36:00
310,240.65,RED,244.023162963,239.0,244.023162963,239.9,1515252960,2018-01-06 15:36:00
311,237.7975,RED,242.336581482,235.28,242.336581482,238.01,1515256560,2018-01-06 16:36:00
312,239.44,RED,244.04,235.51,240.067040741,239.01,1515260160,2018-01-06 17:36:00
313,237.68,RED,240.1,236.3,239.75352037,237.0,1515263760,2018-01-06 18:36:00
314,232.7575,RED,238.716760185,230.0,238.716760185,231.11,1515267360,2018-01-06 19:36:00
315,234.7725,RED,237.93,231.11,235.737130093,235.01,1515288960,2018-01-07 01:36:00
316,233.3325,RED,236.75,232.08,235.254815046,232.25,1515292560,2018-01-07 02:36:00
317,231.8125,RED,234.293657523,231.24,234.293657523,231.5,1515296160,2018-01-07 03:36:00
318,230.59,RED,233.053078762,228.5,233.053078762,230.99,1515299760,2018-01-07 04:36:00
319,231.8175,RED,234.4,228.45,231.821539381,231.5,1515303360,2018-01-07 05:36:00
320,232.2975,GREEN,234.0,229.93,231.81951969,232.26,1515306960,2018-01-07 06:36:00
321,232.1775,GREEN,233.95,230.2,232.058509845,232.19,1515310560,2018-01-07 07:36:00
322,232.48,GREEN,232.95,231.08,232.118004923,232.94,1515314160,2018-01-07 08:36:00
323,234.34,GREEN,235.64,232.299002461,232.299002461,234.01,1515317760,2018-01-07 09:36:00
324,233.1775,RED,235.9,230.54,233.319501231,234.68,1515321360,2018-01-07 10:36:00
325,233.0675,RED,234.68,231.59,233.248500615,233.0,1515324960,2018-01-07 11:36:00
326,233.355,GREEN,234.91,232.05,233.158000308,233.23,1515328560,2018-01-07 12:36:00
327,230.5025,RED,233.256500154,229.0,233.256500154,229.9,1515332160,2018-01-07 13:36:00
328,230.535,RED,232.98,229.0,231.879500077,229.57,1515335760,2018-01-07 14:36:00
329,230.09,RED,231.65,229.57,231.207250038,229.57,1515339360,2018-01-07 15:36:00
330,227.8775,RED,230.648625019,227.0,230.648625019,227.04,1515342960,2018-01-07 16:36:00
331,224.95,RED,229.26306251,222.5,229.26306251,224.83,1515346560,2018-01-07 17:36:00
332,220.7175,RED,227.106531255,218.16,227.106531255,219.87,1515350160,2018-01-07 18:36:00
333,223.4975,RED,226.23,218.6,223.912015627,224.58,1515353760,2018-01-07 19:36:00
334,222.795,RED,224.59,221.87,223.704757814,222.72,1515357360,2018-01-07 20:36:00
335,224.25,GREEN,226.0,222.0,223.249878907,224.02,1515360960,2018-01-07 21:36:00
336,225.1525,GREEN,225.71,223.6,223.749939453,225.65,1515364560,2018-01-07 22:36:00
337,225.365,GREEN,228.09,223.91,224.451219727,224.73,1515368160,2018-01-07 23:36:00
338,221.72,RED,224.908109863,220.0,224.908109863,221.0,1515371760,2018-01-08 00:36:00
339,218.5325,RED,223.314054932,215.95,223.314054932,217.88,1515375360,2018-01-08 01:36:00
340,218.8425,RED,221.25,215.9,220.923277466,219.29,1515378960,2018-01-08 02:36:00
341,215.835,RED,219.882888733,214.05,219.882888733,215.0,1515382560,2018-01-08 03:36:00
342,213.8,RED,217.858944366,213.0,217.858944366,213.01,1515386160,2018-01-08 04:36:00
343,212.6775,RED,215.829472183,210.13,215.829472183,212.52,1515389760,2018-01-08 05:36:00
344,212.885,RED,214.92,210.13,214.253486092,213.64,1515393360,2018-01-08 06:36:00
345,214.2875,GREEN,215.43,212.63,213.569243046,214.59,1515396960,2018-01-08 07:36:00
346,216.0325,GREEN,217.04,213.3,213.928371523,216.79,1515400560,2018-01-08 08:36:00
347,210.7575,RED,217.03,208.0,214.980435761,209.0,1515404160,2018-01-08 09:36:00
348,209.2775,RED,212.868967881,207.0,212.868967881,209.5,1515407760,2018-01-08 10:36:00
349,210.36,RED,212.71,206.21,211.07323394,211.02,1515411360,2018-01-08 11:36:00
350,210.1325,RED,212.87,209.0,210.71661697,209.14,1515414960,2018-01-08 12:36:00
351,209.035,RED,211.99,208.0,210.424558485,208.1,1515418560,2018-01-08 13:36:00
352,206.365,RED,210.1,205.02,209.729779243,205.14,1515422160,2018-01-08 14:36:00
353,202.4425,RED,208.047389621,195.0,208.047389621,204.9,1515425760,2018-01-08 15:36:00
354,209.355,GREEN,211.98,203.99,205.244944811,210.06,1515429360,2018-01-08 16:36:00
355,212.765,GREEN,215.0,207.299972405,207.299972405,213.01,1515432960,2018-01-08 17:36:00
356,214.6275,GREEN,217.0,210.032486203,210.032486203,215.5,1515436560,2018-01-08 18:36:00
357,216.62,GREEN,220.51,212.329993101,212.329993101,215.97,1515440160,2018-01-08 19:36:00
358,215.275,GREEN,220.51,213.0,214.474996551,213.59,1515443760,2018-01-08 20:36:00
359,217.37,GREEN,220.0,213.56,214.874998275,217.99,1515447360,2018-01-08 21:36:00
360,213.4175,RED,219.94,209.0,216.122499138,212.93,1515450960,2018-01-08 22:36:00
361,213.3025,RED,216.67,209.57,214.769999569,213.48,1515454560,2018-01-08 23:36:00
362,213.355,RED,215.47,210.69,214.036249784,213.63,1515458160,2018-01-09 00:36:00
363,213.9575,GREEN,216.31,212.89,213.695624892,213.55,1515461760,2018-01-09 01:36:00
364,214.135,GREEN,215.72,212.76,213.826562446,214.02,1515465360,2018-01-09 02:36:00
365,214.75,GREEN,215.99,212.97,213.980781223,215.0,1515468960,2018-01-09 03:36:00
366,214.92,GREEN,218.86,212.08,214.365390612,213.68,1515472560,2018-01-09 04:36:00
367,212.5875,RED,218.97,210.0,214.642695306,210.69,1515476160,2018-01-09 05:36:00
368,209.45,RED,213.615097653,207.0,213.615097653,210.57,1515479760,2018-01-09 06:36:00
369,208.585,RED,211.532548826,205.32,211.532548826,209.02,1515483360,2018-01-09 07:36:00
370,209.975,RED,211.56,207.75,210.058774413,210.48,1515486960,2018-01-09 08:36:00
371,210.76,GREEN,218.0,208.0,210.016887207,209.04,1515490560,2018-01-09 09:36:00
372,210.7725,GREEN,216.89,208.0,210.388443603,209.1,1515494160,2018-01-09 10:36:00
373,209.885,RED,216.5,207.5,210.580471802,208.0,1515497760,2018-01-09 11:36:00
374,207.775,RED,210.232735901,206.61,210.232735901,207.09,1515501360,2018-01-09 12:36:00
375,206.205,RED,209.72,205.0,209.00386795,205.05,1515504960,2018-01-09 13:36:00
376,205.255,RED,209.79,202.3,207.604433975,204.02,1515508560,2018-01-09 14:36:00
377,210.6125,GREEN,213.93,204.0,206.429716988,211.56,1515512160,2018-01-09 15:36:00
378,212.305,GREEN,213.0,208.521108494,208.521108494,213.18,1515515760,2018-01-09 16:36:00
379,215.44,GREEN,217.8,210.413054247,210.413054247,215.47,1515519360,2018-01-09 17:36:00
380,214.79,GREEN,216.86,212.51,212.926527123,214.92,1515522960,2018-01-09 18:36:00
381,212.98,RED,215.0,210.5,213.858263562,213.21,1515526560,2018-01-09 19:36:00
382,211.6,RED,214.81,210.19,213.419131781,210.7,1515530160,2018-01-09 20:36:00
383,213.095,GREEN,216.99,210.7,212.50956589,212.15,1515533760,2018-01-09 21:36:00
384,207.73,RED,212.802282945,206.0,212.802282945,206.0,1515537360,2018-01-09 22:36:00
385,206.3375,RED,210.44,203.81,210.266141473,205.55,1515540960,2018-01-09 23:36:00
386,205.115,RED,209.98,203.0,208.301820736,203.74,1515544560,2018-01-10 00:36:00
387,205.545,RED,207.0,203.01,206.708410368,206.4,1515548160,2018-01-10 01:36:00
388,205.8425,RED,207.47,203.02,206.126705184,206.44,1515551760,2018-01-10 02:36:00
389,206.2725,GREEN,207.09,205.984602592,205.984602592,206.0,1515555360,2018-01-10 03:36:00
390,202.9925,RED,206.33,199.8,206.128551296,202.58,1515558960,2018-01-10 04:36:00
391,203.2,RED,205.0,201.28,204.560525648,203.26,1515562560,2018-01-10 05:36:00
392,205.3075,GREEN,209.99,202.0,203.880262824,205.2,1515566160,2018-01-10 06:36:00
393,203.695,RED,206.77,202.0,204.593881412,202.01,1515569760,2018-01-10 07:36:00
394,198.895,RED,204.82,195.1,204.144440706,197.85,1515573360,2018-01-10 08:36:00
395,198.07,RED,203.78,195.0,201.519720353,196.5,1515576960,2018-01-10 09:36:00
396,200.8975,GREEN,203.09,196.5,199.794860177,202.0,1515580560,2018-01-10 10:36:00
397,200.6525,GREEN,204.99,198.0,200.346180088,199.81,1515584160,2018-01-10 11:36:00
398,201.3525,GREEN,204.99,199.8,200.499340044,200.3,1515587760,2018-01-10 12:36:00
399,199.78,RED,201.89,197.61,200.925920022,199.82,1515591360,2018-01-10 13:36:00
400,200.1775,RED,202.11,198.6,200.352960011,200.0,1515594960,2018-01-10 14:36:00
401,201.6875,GREEN,204.0,197.6,200.265230006,203.0,1515598560,2018-01-10 15:36:00
402,207.9825,GREEN,215.9,200.976365003,200.976365003,207.03,1515602160,2018-01-10 16:36:00
403,206.24,GREEN,208.85,204.479432501,204.479432501,206.73,1515605760,2018-01-10 17:36:00
404,206.52,GREEN,207.56,204.5,205.359716251,207.02,1515609360,2018-01-10 18:36:00
405,204.65,RED,208.6,203.0,205.939858125,203.5,1515612960,2018-01-10 19:36:00
