,TIMESTAMP,OPEN,HIGH,LOW,CLOSE,VWAP,VOLUME,COUNT,DATE
0,1514595600,0.024129,0.024143,0.024129,0.024143,0.024132,1.62986567,2,2017-12-30 01:00:00
1,1514595660,0.024114,0.024131,0.024107,0.024131,0.024108,21.70187392,9,2017-12-30 01:01:00
2,1514595720,0.024141,0.024141,0.024107,0.024107,0.024107,18.70647840,3,2017-12-30 01:02:00
3,1514595780,0.024107,0.024107,0.024107,0.024107,0.024107,3.13347245,4,2017-12-30 01:03:00
4,1514595840,0.024016,0.024016,0.024016,0.024016,0.024016,1.17899404,1,2017-12-30 01:04:00
5,1514595900,0.024016,0.024016,0.024001,0.024001,0.024001,1.00000000,1,2017-12-30 01:05:00
6,1514595960,0.024001,0.024005,0.024001,0.024005,0.024002,1.24586421,3,2017-12-30 01:06:00
7,1514596020,0.024005,0.024005,0.024005,0.024005,0.024005,1.51038228,2,2017-12-30 01:07:00
8,1514596080,0.024000,0.024000,0.024000,0.024000,0.024000,12.41957124,5,2017-12-30 01:08:00
9,1514596140,0.024005,0.024005,0.024005,0.024005,0.024005,0.36053123,1,2017-12-30 01:09:00
10,1514596200,0.024012,0.024012,0.024000,0.024000,0.024001,11.49344152,7,2017-12-30 01:10:00
11,1514596260,0.024000,0.024000,0.024000,0.024000,0.000000,0.00000000,0,2017-12-30 01:11:00
12,1514596320,0.024100,0.024100,0.024100,0.024100,0.024100,0.50899000,1,2017-12-30 01:12:00
13,1514596380,0.024100,0.024100,0.024100,0.024100,0.000000,0.00000000,0,2017-12-30 01:13:00
14,1514596440,0.024012,0.024012,0.024012,0.024012,0.024012,0.50000000,1,2017-12-30 01:14:00
15,1514596500,0.024008,0.024008,0.024008,0.024008,0.024008,0.10000000,1,2017-12-30 01:15:00
16,1514596560,0.024010,0.024010,0.023880,0.023880,0.023943,35.00000000,7,2017-12-30 01:16:00
17,1514596620,0.024247,0.024247,0.024247,0.024247,0.024247,1.00000000,1,2017-12-30 01:17:00
18,1514596680,0.024247,0.024247,0.024247,0.024247,0.000000,0.00000000,0,2017-12-30 01:18:00
19,1514596740,0.024096,0.024096,0.024096,0.024096,0.024096,1.00000000,1,2017-12-30 01:19:00
20,1514596800,0.024096,0.024317,0.024096,0.024096,0.024247,5.45731512,5,2017-12-30 01:20:00
21,1514596860,0.024096,0.024096,0.024096,0.024096,0.000000,0.00000000,0,2017-12-30 01:21:00
22,1514596920,0.024096,0.024096,0.024096,0.024096,0.000000,0.00000000,0,2017-12-30 01:22:00
23,1514596980,0.024096,0.024096,0.024096,0.024096,0.024096,1.29919950,2,2017-12-30 01:23:00
24,1514597040,0.024096,0.024096,0.023941,0.023941,0.024001,5.48185472,5,2017-12-30 01:24:00
25,1514597100,0.023954,0.023954,0.023954,0.023954,0.023954,1.00000000,1,2017-12-30 01:25:00
26,1514597160,0.023954,0.023954,0.023954,0.023954,0.000000,0.00000000,0,2017-12-30 01:26:00
27,1514597220,0.023954,0.023954,0.023952,0.023952,0.023952,0.52648000,2,2017-12-30 01:27:00
28,1514597280,0.023952,0.023952,0.023952,0.023952,0.000000,0.00000000,0,2017-12-30 01:28:00
29,1514597340,0.024007,0.024007,0.024007,0.024007,0.024007,1.14998663,2,2017-12-30 01:29:00
30,1514597400,0.023987,0.024042,0.023952,0.024042,0.024017,13.46370793,13,2017-12-30 01:30:00
31,1514597520,0.024042,0.024042,0.024042,0.024042,0.000000,0.00000000,0,2017-12-30 01:32:00
32,1514597580,0.023980,0.024044,0.023980,0.024044,0.023983,2.19688000,4,2017-12-30 01:33:00
33,1514597640,0.023983,0.023983,0.023983,0.023983,0.023983,30.00000000,1,2017-12-30 01:34:00
34,1514597700,0.023983,0.023983,0.023983,0.023983,0.000000,0.00000000,0,2017-12-30 01:35:00
35,1514597760,0.023980,0.023980,0.023980,0.023980,0.023980,0.18400000,1,2017-12-30 01:36:00
36,1514597820,0.023983,0.024043,0.023983,0.024043,0.024015,2.18380288,2,2017-12-30 01:37:00
37,1514597880,0.024043,0.024043,0.024043,0.024043,0.000000,0.00000000,0,2017-12-30 01:38:00
38,1514597940,0.023980,0.024046,0.023960,0.024046,0.023972,1.44793681,3,2017-12-30 01:39:00
39,1514598060,0.024046,0.024046,0.024046,0.024046,0.000000,0.00000000,0,2017-12-30 01:41:00
40,1514598120,0.024038,0.024047,0.023960,0.023960,0.024034,2.62100000,5,2017-12-30 01:42:00
41,1514598180,0.023960,0.023960,0.023941,0.023941,0.023948,10.08100000,12,2017-12-30 01:43:00
42,1514598240,0.023942,0.023942,0.023942,0.023942,0.023942,1.18622820,1,2017-12-30 01:44:00
43,1514598300,0.023942,0.023942,0.023942,0.023942,0.000000,0.00000000,0,2017-12-30 01:45:00
44,1514598360,0.024016,0.024016,0.024016,0.024016,0.024016,1.18586772,1,2017-12-30 01:46:00
45,1514598420,0.023940,0.024047,0.023928,0.024047,0.023977,5.26895544,5,2017-12-30 01:47:00
46,1514598480,0.024047,0.024057,0.023960,0.023960,0.023970,0.92677000,2,2017-12-30 01:48:00
47,1514598540,0.024057,0.024072,0.024057,0.024072,0.024057,2.64454252,3,2017-12-30 01:49:00
48,1514598600,0.024072,0.024072,0.024072,0.024072,0.000000,0.00000000,0,2017-12-30 01:50:00
49,1514598660,0.024072,0.024072,0.024072,0.024072,0.000000,0.00000000,0,2017-12-30 01:51:00
50,1514598780,0.024072,0.024072,0.024072,0.024072,0.000000,0.00000000,0,2017-12-30 01:53:00
51,1514598840,0.024071,0.024071,0.024071,0.024071,0.024071,6.03900000,1,2017-12-30 01:54:00
52,1514598900,0.024072,0.024072,0.024071,0.024071,0.024071,3.30400000,4,2017-12-30 01:55:00
53,1514598960,0.023969,0.023969,0.023969,0.023969,0.023969,0.29122387,1,2017-12-30 01:56:00
54,1514599020,0.024098,0.024098,0.024098,0.024098,0.024098,0.29212762,1,2017-12-30 01:57:00
55,1514599080,0.024098,0.024149,0.024098,0.024149,0.024138,69.44085921,9,2017-12-30 01:58:00
56,1514599140,0.024030,0.024030,0.024015,0.024015,0.024021,3.00000000,3,2017-12-30 01:59:00
57,1514599200,0.024085,0.024109,0.024085,0.024109,0.024096,2.44624884,3,2017-12-30 02:00:00
58,1514599260,0.024163,0.024186,0.024110,0.024161,0.024151,4.01671926,4,2017-12-30 02:01:00
59,1514599320,0.024189,0.024189,0.024140,0.024140,0.024141,87.90842901,4,2017-12-30 02:02:00
60,1514599380,0.024140,0.024140,0.024140,0.024140,0.024140,3.09466020,5,2017-12-30 02:03:00
61,1514599440,0.024140,0.024312,0.024140,0.024312,0.024312,2.40000000,1,2017-12-30 02:04:00
62,1514599500,0.024313,0.024313,0.024141,0.024141,0.024311,78.91047879,8,2017-12-30 02:05:00
63,1514599560,0.024140,0.024140,0.024140,0.024140,0.024140,5.64033533,1,2017-12-30 02:06:00
64,1514599620,0.024313,0.024314,0.024313,0.024314,0.024313,8.00039899,5,2017-12-30 02:07:00
65,1514599680,0.024314,0.024315,0.024314,0.024314,0.024314,34.34512201,6,2017-12-30 02:08:00
66,1514599740,0.024256,0.024348,0.024156,0.024348,0.024268,6.67600000,3,2017-12-30 02:09:00
67,1514599800,0.024348,0.024348,0.024316,0.024316,0.024345,1.23540040,2,2017-12-30 02:10:00
68,1514599860,0.024348,0.024348,0.024157,0.024157,0.024191,0.99952561,2,2017-12-30 02:11:00
69,1514599920,0.024454,0.024454,0.024158,0.024159,0.024278,18.87159193,8,2017-12-30 02:12:00
70,1514599980,0.024346,0.024346,0.024346,0.024346,0.024346,53.19228340,2,2017-12-30 02:13:00
71,1514600040,0.024452,0.024452,0.024141,0.024341,0.024342,7.75397086,5,2017-12-30 02:14:00
72,1514600100,0.024341,0.024341,0.024341,0.024341,0.000000,0.00000000,0,2017-12-30 02:15:00
73,1514600160,0.024300,0.024300,0.024300,0.024300,0.024300,0.12345000,1,2017-12-30 02:16:00
74,1514600220,0.024164,0.024346,0.024164,0.024346,0.024224,4.92203378,5,2017-12-30 02:17:00
75,1514600280,0.024443,0.024443,0.024443,0.024443,0.024443,1.74714355,1,2017-12-30 02:18:00
76,1514600340,0.024177,0.024177,0.024177,0.024177,0.024177,0.20100000,1,2017-12-30 02:19:00
77,1514600400,0.024215,0.024215,0.024215,0.024215,0.024215,2.20000000,2,2017-12-30 02:20:00
78,1514600460,0.024216,0.024216,0.024216,0.024216,0.024216,2.69900000,1,2017-12-30 02:21:00
79,1514600520,0.024216,0.024216,0.024216,0.024216,0.000000,0.00000000,0,2017-12-30 02:22:00
80,1514600580,0.024215,0.024436,0.024178,0.024436,0.024185,90.49200000,12,2017-12-30 02:23:00
81,1514600640,0.024436,0.024436,0.024436,0.024436,0.024436,2.85000000,1,2017-12-30 02:24:00
82,1514600700,0.024436,0.024436,0.024436,0.024436,0.000000,0.00000000,0,2017-12-30 02:25:00
83,1514600760,0.024436,0.024436,0.024436,0.024436,0.000000,0.00000000,0,2017-12-30 02:26:00
84,1514600820,0.024182,0.024182,0.024178,0.024178,0.024179,2.52244140,3,2017-12-30 02:27:00
85,1514600880,0.024178,0.024178,0.024178,0.024178,0.000000,0.00000000,0,2017-12-30 02:28:00
86,1514600940,0.024178,0.024178,0.024109,0.024109,0.024110,10.11671097,6,2017-12-30 02:29:00
87,1514601000,0.024109,0.024110,0.024109,0.024110,0.024110,2.00400000,1,2017-12-30 02:30:00
88,1514601060,0.024111,0.024111,0.024111,0.024111,0.024111,0.62987460,1,2017-12-30 02:31:00
89,1514601120,0.024111,0.024111,0.024109,0.024109,0.024110,0.63191894,2,2017-12-30 02:32:00
90,1514601180,0.024109,0.024111,0.024053,0.024111,0.024065,2.76516796,4,2017-12-30 02:33:00
91,1514601240,0.024111,0.024167,0.024111,0.024113,0.024120,1.48087940,2,2017-12-30 02:34:00
92,1514601300,0.024113,0.024167,0.024113,0.024167,0.024163,42.14925516,5,2017-12-30 02:35:00
93,1514601360,0.024167,0.024167,0.024057,0.024057,0.024077,1.27283980,2,2017-12-30 02:36:00
94,1514601480,0.024057,0.024057,0.024057,0.024057,0.000000,0.00000000,0,2017-12-30 02:38:00
95,1514601540,0.024316,0.024316,0.024316,0.024316,0.024316,2.07780000,2,2017-12-30 02:39:00
96,1514601600,0.024240,0.024240,0.024240,0.024240,0.024240,1.15800300,1,2017-12-30 02:40:00
97,1514601720,0.024240,0.024240,0.024240,0.024240,0.000000,0.00000000,0,2017-12-30 02:42:00
98,1514601780,0.024121,0.024121,0.024121,0.024121,0.024121,0.25000000,1,2017-12-30 02:43:00
99,1514601840,0.024121,0.024121,0.024121,0.024121,0.024121,1.02827900,1,2017-12-30 02:44:00
100,1514601900,0.024121,0.024121,0.024121,0.024121,0.000000,0.00000000,0,2017-12-30 02:45:00
101,1514601960,0.024121,0.024121,0.024121,0.024121,0.000000,0.00000000,0,2017-12-30 02:46:00
102,1514602020,0.024060,0.024060,0.024060,0.024060,0.024060,1.28059124,2,2017-12-30 02:47:00
103,1514602080,0.024060,0.024060,0.024060,0.024060,0.000000,0.00000000,0,2017-12-30 02:48:00
104,1514602140,0.024060,0.024100,0.024060,0.024099,0.024094,10.40593558,4,2017-12-30 02:49:00
105,1514602200,0.024099,0.024099,0.024099,0.024099,0.024099,11.63412604,3,2017-12-30 02:50:00
106,1514602260,0.024000,0.024000,0.024000,0.024000,0.024000,28.57328106,6,2017-12-30 02:51:00
107,1514602320,0.024000,0.024000,0.024000,0.024000,0.024000,0.99699999,1,2017-12-30 02:52:00
108,1514602380,0.023989,0.024000,0.023946,0.024000,0.023997,19.68339072,10,2017-12-30 02:53:00
109,1514602440,0.024121,0.024288,0.024121,0.024288,0.024193,1.81506060,3,2017-12-30 02:54:00
110,1514602500,0.024288,0.024288,0.024288,0.024288,0.000000,0.00000000,0,2017-12-30 02:55:00
111,1514602560,0.024288,0.024288,0.024288,0.024288,0.000000,0.00000000,0,2017-12-30 02:56:00
112,1514602620,0.024200,0.024200,0.024000,0.024000,0.024009,7.50687908,5,2017-12-30 02:57:00
113,1514602680,0.024000,0.024000,0.023977,0.023977,0.023978,14.53752416,2,2017-12-30 02:58:00
114,1514602740,0.023977,0.023977,0.023977,0.023977,0.000000,0.00000000,0,2017-12-30 02:59:00
115,1514602800,0.023862,0.023862,0.023810,0.023810,0.023811,17.90777288,3,2017-12-30 03:00:00
116,1514602860,0.024000,0.024000,0.024000,0.024000,0.024000,0.81406435,1,2017-12-30 03:01:00
117,1514602920,0.024000,0.024000,0.024000,0.024000,0.024000,0.00593565,1,2017-12-30 03:02:00
118,1514602980,0.024000,0.024000,0.023810,0.023810,0.023928,1.32000000,2,2017-12-30 03:03:00
119,1514603040,0.023811,0.023811,0.023811,0.023811,0.023811,0.60000000,1,2017-12-30 03:04:00
120,1514603160,0.023811,0.023811,0.023811,0.023811,0.000000,0.00000000,0,2017-12-30 03:06:00
121,1514603220,0.024050,0.024052,0.024050,0.024052,0.024051,1.00100100,2,2017-12-30 03:07:00
122,1514603280,0.024052,0.024052,0.024052,0.024052,0.000000,0.00000000,0,2017-12-30 03:08:00
123,1514603340,0.023833,0.023833,0.023810,0.023810,0.023820,2.00000000,3,2017-12-30 03:09:00
124,1514603400,0.024050,0.024050,0.024050,0.024050,0.024050,0.90413140,4,2017-12-30 03:10:00
125,1514603460,0.023833,0.023833,0.023833,0.023833,0.023833,0.48007191,4,2017-12-30 03:11:00
126,1514603520,0.024099,0.024099,0.023500,0.023500,0.023713,160.57758268,27,2017-12-30 03:12:00
127,1514603580,0.023610,0.023610,0.023601,0.023601,0.023601,40.40041732,2,2017-12-30 03:13:00
128,1514603640,0.024077,0.024086,0.023769,0.023769,0.024072,16.41000000,8,2017-12-30 03:14:00
129,1514603700,0.023769,0.023769,0.023769,0.023769,0.000000,0.00000000,0,2017-12-30 03:15:00
130,1514603760,0.023769,0.023769,0.023769,0.023769,0.000000,0.00000000,0,2017-12-30 03:16:00
131,1514603820,0.024050,0.024050,0.024050,0.024050,0.024050,1.00000000,1,2017-12-30 03:17:00
132,1514603880,0.024050,0.024050,0.024050,0.024050,0.000000,0.00000000,0,2017-12-30 03:18:00
133,1514603940,0.024050,0.024050,0.024050,0.024050,0.000000,0.00000000,0,2017-12-30 03:19:00
134,1514604000,0.023801,0.023801,0.023801,0.023801,0.023801,1.00000000,1,2017-12-30 03:20:00
135,1514604060,0.024024,0.024024,0.024024,0.024024,0.024024,5.71514076,1,2017-12-30 03:21:00
136,1514604120,0.024024,0.024024,0.024024,0.024024,0.000000,0.00000000,0,2017-12-30 03:22:00
137,1514604180,0.024024,0.024024,0.024024,0.024024,0.000000,0.00000000,0,2017-12-30 03:23:00
138,1514604240,0.023863,0.024080,0.023863,0.024080,0.023971,2.00000000,2,2017-12-30 03:24:00
139,1514604300,0.024078,0.024078,0.024078,0.024078,0.024078,1.10000000,1,2017-12-30 03:25:00
140,1514604360,0.024078,0.024078,0.024078,0.024078,0.000000,0.00000000,0,2017-12-30 03:26:00
141,1514604420,0.024078,0.024078,0.024078,0.024078,0.000000,0.00000000,0,2017-12-30 03:27:00
142,1514604480,0.024078,0.024078,0.024078,0.024078,0.000000,0.00000000,0,2017-12-30 03:28:00
143,1514604540,0.024078,0.024078,0.024078,0.024078,0.000000,0.00000000,0,2017-12-30 03:29:00
144,1514604600,0.024078,0.024078,0.024078,0.024078,0.000000,0.00000000,0,2017-12-30 03:30:00
145,1514604660,0.024078,0.024078,0.023857,0.023857,0.023858,2.30000000,3,2017-12-30 03:31:00
146,1514604720,0.023857,0.023857,0.023857,0.023857,0.023857,0.57872070,1,2017-12-30 03:32:00
147,1514604780,0.023857,0.023857,0.023857,0.023857,0.000000,0.00000000,0,2017-12-30 03:33:00
148,1514604840,0.024071,0.024071,0.024071,0.024071,0.024071,8.00000000,1,2017-12-30 03:34:00
149,1514604900,0.024071,0.024071,0.024071,0.024071,0.000000,0.00000000,0,2017-12-30 03:35:00
150,1514604960,0.024071,0.024071,0.024071,0.024071,0.000000,0.00000000,0,2017-12-30 03:36:00
151,1514605020,0.024071,0.024071,0.024071,0.024071,0.000000,0.00000000,0,2017-12-30 03:37:00
152,1514605080,0.024071,0.024071,0.024071,0.024071,0.000000,0.00000000,0,2017-12-30 03:38:00
153,1514605140,0.023898,0.023898,0.023896,0.023896,0.023897,9.16600000,2,2017-12-30 03:39:00
154,1514605200,0.023837,0.023888,0.023837,0.023888,0.023871,0.85308390,3,2017-12-30 03:40:00
155,1514605260,0.023837,0.023878,0.023837,0.023878,0.023870,17.78477096,6,2017-12-30 03:41:00
156,1514605320,0.023878,0.023878,0.023878,0.023878,0.000000,0.00000000,0,2017-12-30 03:42:00
157,1514605380,0.023867,0.024046,0.023867,0.024046,0.023985,4.20000000,3,2017-12-30 03:43:00
158,1514605500,0.024046,0.024046,0.024046,0.024046,0.000000,0.00000000,0,2017-12-30 03:45:00
159,1514605560,0.024038,0.024039,0.024038,0.024039,0.024038,0.93000000,2,2017-12-30 03:46:00
160,1514605620,0.023800,0.023800,0.023800,0.023800,0.023800,2.13600000,1,2017-12-30 03:47:00
161,1514605680,0.023799,0.023799,0.023799,0.023799,0.023799,0.50000000,1,2017-12-30 03:48:00
162,1514605740,0.023799,0.023799,0.023799,0.023799,0.000000,0.00000000,0,2017-12-30 03:49:00
163,1514605800,0.023799,0.023799,0.023799,0.023799,0.000000,0.00000000,0,2017-12-30 03:50:00
164,1514605860,0.023799,0.023799,0.023799,0.023799,0.000000,0.00000000,0,2017-12-30 03:51:00
165,1514605920,0.023799,0.023799,0.023799,0.023799,0.000000,0.00000000,0,2017-12-30 03:52:00
166,1514605980,0.023941,0.023941,0.023799,0.023799,0.023936,3.99745139,3,2017-12-30 03:53:00
167,1514606040,0.023940,0.023940,0.023940,0.023940,0.023940,0.97309209,2,2017-12-30 03:54:00
168,1514606100,0.023940,0.023940,0.023940,0.023940,0.000000,0.00000000,0,2017-12-30 03:55:00
169,1514606160,0.023940,0.023940,0.023940,0.023940,0.000000,0.00000000,0,2017-12-30 03:56:00
170,1514606220,0.023940,0.023940,0.023940,0.023940,0.000000,0.00000000,0,2017-12-30 03:57:00
171,1514606280,0.023940,0.023940,0.023940,0.023940,0.000000,0.00000000,0,2017-12-30 03:58:00
172,1514606340,0.023940,0.023950,0.023874,0.023950,0.023885,0.66620879,2,2017-12-30 03:59:00
173,1514606400,0.023809,0.023950,0.023809,0.023950,0.023886,1.49062542,4,2017-12-30 04:00:00
174,1514606460,0.023950,0.023950,0.023950,0.023950,0.000000,0.00000000,0,2017-12-30 04:01:00
175,1514606520,0.023950,0.023950,0.023950,0.023950,0.000000,0.00000000,0,2017-12-30 04:02:00
176,1514606580,0.023950,0.023950,0.023950,0.023950,0.000000,0.00000000,0,2017-12-30 04:03:00
177,1514606640,0.023950,0.023950,0.023950,0.023950,0.000000,0.00000000,0,2017-12-30 04:04:00
178,1514606700,0.023950,0.023986,0.023950,0.023986,0.023986,1.23423423,1,2017-12-30 04:05:00
179,1514606760,0.023986,0.023986,0.023986,0.023986,0.000000,0.00000000,0,2017-12-30 04:06:00
180,1514606820,0.023986,0.023987,0.023986,0.023987,0.023987,7.01056478,2,2017-12-30 04:07:00
181,1514606880,0.023816,0.023985,0.023816,0.023985,0.023816,1.28393582,2,2017-12-30 04:08:00
182,1514606940,0.023985,0.023985,0.023985,0.023985,0.000000,0.00000000,0,2017-12-30 04:09:00
183,1514607000,0.023935,0.023935,0.023935,0.023935,0.023935,0.15225293,1,2017-12-30 04:10:00
184,1514607060,0.023886,0.023886,0.023886,0.023886,0.023886,0.15200867,1,2017-12-30 04:11:00
185,1514607120,0.023895,0.023925,0.023895,0.023895,0.023907,5.14651517,6,2017-12-30 04:12:00
186,1514607180,0.023894,0.023924,0.023894,0.023924,0.023919,1.96505363,2,2017-12-30 04:13:00
187,1514607240,0.023768,0.023922,0.023768,0.023922,0.023796,3.14618813,4,2017-12-30 04:14:00
188,1514607300,0.023922,0.023922,0.023922,0.023922,0.023922,1.84560000,2,2017-12-30 04:15:00
189,1514607360,0.023922,0.023922,0.023922,0.023922,0.000000,0.00000000,0,2017-12-30 04:16:00
190,1514607420,0.023769,0.023917,0.023716,0.023917,0.023911,82.75000000,5,2017-12-30 04:17:00
191,1514607480,0.023917,0.023917,0.023917,0.023917,0.000000,0.00000000,0,2017-12-30 04:18:00
192,1514607540,0.023800,0.023800,0.023800,0.023800,0.023800,0.50000000,1,2017-12-30 04:19:00
193,1514607600,0.023800,0.023800,0.023800,0.023800,0.023800,17.80840973,1,2017-12-30 04:20:00
194,1514607660,0.023800,0.023800,0.023647,0.023647,0.023653,18.54045210,3,2017-12-30 04:21:00
195,1514607720,0.023799,0.023799,0.023799,0.023799,0.023799,0.66000000,1,2017-12-30 04:22:00
196,1514607780,0.023799,0.023799,0.023799,0.023799,0.000000,0.00000000,0,2017-12-30 04:23:00
197,1514607840,0.023796,0.023796,0.023796,0.023796,0.023796,8.34600000,1,2017-12-30 04:24:00
198,1514607900,0.023796,0.023796,0.023796,0.023796,0.000000,0.00000000,0,2017-12-30 04:25:00
199,1514607960,0.023796,0.023796,0.023796,0.023796,0.000000,0.00000000,0,2017-12-30 04:26:00
200,1514608020,0.023796,0.023796,0.023796,0.023796,0.000000,0.00000000,0,2017-12-30 04:27:00
201,1514608080,0.023796,0.023796,0.023796,0.023796,0.023796,0.10000000,1,2017-12-30 04:28:00
202,1514608140,0.023797,0.023797,0.023796,0.023796,0.023796,8.74400000,3,2017-12-30 04:29:00
203,1514608200,0.023796,0.023796,0.023796,0.023796,0.000000,0.00000000,0,2017-12-30 04:30:00
204,1514608260,0.023796,0.023796,0.023796,0.023796,0.000000,0.00000000,0,2017-12-30 04:31:00
205,1514608320,0.023796,0.023796,0.023796,0.023796,0.000000,0.00000000,0,2017-12-30 04:32:00
206,1514608380,0.023796,0.023796,0.023796,0.023796,0.000000,0.00000000,0,2017-12-30 04:33:00
207,1514608440,0.023796,0.023796,0.023796,0.023796,0.000000,0.00000000,0,2017-12-30 04:34:00
208,1514608500,0.023790,0.023790,0.023514,0.023514,0.023716,3.82133673,2,2017-12-30 04:35:00
209,1514608560,0.023778,0.023778,0.023778,0.023778,0.023778,8.34600000,1,2017-12-30 04:36:00
210,1514608620,0.023778,0.023778,0.023778,0.023778,0.000000,0.00000000,0,2017-12-30 04:37:00
211,1514608680,0.023778,0.023778,0.023778,0.023778,0.000000,0.00000000,0,2017-12-30 04:38:00
212,1514608740,0.023736,0.023744,0.023736,0.023744,0.023737,1.20607284,2,2017-12-30 04:39:00
213,1514608800,0.023744,0.023744,0.022000,0.023319,0.022889,518.09422641,43,2017-12-30 04:40:00
214,1514608860,0.023319,0.023319,0.023319,0.023319,0.000000,0.00000000,0,2017-12-30 04:41:00
215,1514608920,0.023732,0.023732,0.023732,0.023732,0.023732,0.45000000,1,2017-12-30 04:42:00
216,1514608980,0.023732,0.023732,0.023732,0.023732,0.000000,0.00000000,0,2017-12-30 04:43:00
217,1514609040,0.023468,0.023468,0.023468,0.023468,0.023468,1.98391000,1,2017-12-30 04:44:00
218,1514609100,0.023468,0.023468,0.023468,0.023468,0.000000,0.00000000,0,2017-12-30 04:45:00
219,1514609160,0.023718,0.023718,0.023718,0.023718,0.023718,0.15424458,1,2017-12-30 04:46:00
220,1514609220,0.023718,0.023718,0.023718,0.023718,0.000000,0.00000000,0,2017-12-30 04:47:00
221,1514609280,0.023718,0.023718,0.023718,0.023718,0.000000,0.00000000,0,2017-12-30 04:48:00
222,1514609340,0.023712,0.023712,0.023712,0.023712,0.023712,0.20000000,1,2017-12-30 04:49:00
223,1514609400,0.023709,0.023711,0.023709,0.023711,0.023710,0.52329623,2,2017-12-30 04:50:00
224,1514609460,0.023738,0.023798,0.023738,0.023798,0.023768,10.52491181,3,2017-12-30 04:51:00
225,1514609520,0.023798,0.023798,0.023520,0.023520,0.023520,0.47763000,3,2017-12-30 04:52:00
226,1514609580,0.023789,0.023798,0.023754,0.023798,0.023797,36.71284953,4,2017-12-30 04:53:00
227,1514609640,0.023798,0.023798,0.023798,0.023798,0.023798,0.59199810,1,2017-12-30 04:54:00
228,1514609700,0.023797,0.023800,0.023797,0.023800,0.023798,15.46501451,4,2017-12-30 04:55:00
229,1514609760,0.023694,0.023800,0.023694,0.023800,0.023799,35.61649816,2,2017-12-30 04:56:00
230,1514609820,0.023863,0.023863,0.023863,0.023863,0.023863,2.12180000,1,2017-12-30 04:57:00
231,1514609880,0.023861,0.023861,0.023861,0.023861,0.023861,14.64059130,2,2017-12-30 04:58:00
232,1514609940,0.023859,0.023859,0.023859,0.023859,0.023859,5.76930785,1,2017-12-30 04:59:00
233,1514610000,0.023803,0.023865,0.023803,0.023865,0.023864,13.75647704,7,2017-12-30 05:00:00
234,1514610060,0.023865,0.023865,0.023865,0.023865,0.000000,0.00000000,0,2017-12-30 05:01:00
235,1514610120,0.023865,0.023865,0.023865,0.023865,0.000000,0.00000000,0,2017-12-30 05:02:00
236,1514610180,0.023849,0.023849,0.023849,0.023849,0.023849,0.61348362,1,2017-12-30 05:03:00
237,1514610360,0.023849,0.023849,0.023849,0.023849,0.000000,0.00000000,0,2017-12-30 05:06:00
238,1514610420,0.023845,0.023845,0.023845,0.023845,0.023845,1.85463007,2,2017-12-30 05:07:00
239,1514610480,0.023845,0.023845,0.023845,0.023845,0.023845,1.00000000,1,2017-12-30 05:08:00
240,1514610540,0.023845,0.023845,0.023845,0.023845,0.000000,0.00000000,0,2017-12-30 05:09:00
241,1514610600,0.023841,0.023841,0.023841,0.023841,0.023841,1.29310920,1,2017-12-30 05:10:00
242,1514610660,0.023841,0.023852,0.023841,0.023852,0.023852,0.40899999,1,2017-12-30 05:11:00
243,1514610720,0.023852,0.023852,0.023852,0.023852,0.023852,0.28574112,1,2017-12-30 05:12:00
244,1514610780,0.023852,0.023852,0.023852,0.023852,0.000000,0.00000000,0,2017-12-30 05:13:00
245,1514610840,0.023876,0.023876,0.023876,0.023876,0.023876,0.25000000,1,2017-12-30 05:14:00
246,1514610900,0.023870,0.023870,0.023833,0.023833,0.023850,1.07042900,2,2017-12-30 05:15:00
247,1514610960,0.023833,0.023833,0.023833,0.023833,0.000000,0.00000000,0,2017-12-30 05:16:00
248,1514611020,0.023833,0.023833,0.023833,0.023833,0.023833,0.72425868,1,2017-12-30 05:17:00
249,1514611080,0.023795,0.023795,0.023783,0.023783,0.023792,7.85850000,4,2017-12-30 05:18:00
250,1514611260,0.023783,0.023783,0.023783,0.023783,0.000000,0.00000000,0,2017-12-30 05:21:00
251,1514611320,0.023783,0.023850,0.023783,0.023850,0.023850,2.10265335,1,2017-12-30 05:22:00
252,1514611440,0.023850,0.023850,0.023850,0.023850,0.000000,0.00000000,0,2017-12-30 05:24:00
253,1514611500,0.023850,0.023850,0.023828,0.023828,0.023828,39.18932220,3,2017-12-30 05:25:00
254,1514611560,0.023906,0.023945,0.023833,0.023833,0.023897,10.55820000,7,2017-12-30 05:26:00
255,1514611620,0.023905,0.023905,0.023905,0.023905,0.023905,3.82600000,1,2017-12-30 05:27:00
256,1514611680,0.023905,0.023905,0.023905,0.023905,0.000000,0.00000000,0,2017-12-30 05:28:00
257,1514611740,0.023839,0.023839,0.023839,0.023839,0.023839,2.41823776,2,2017-12-30 05:29:00
258,1514611800,0.023945,0.023945,0.023945,0.023945,0.023945,0.12459978,1,2017-12-30 05:30:00
259,1514611860,0.023844,0.023844,0.023844,0.023844,0.023844,1.38761345,1,2017-12-30 05:31:00
260,1514611920,0.024489,0.024598,0.024489,0.024598,0.024536,18.00000000,7,2017-12-30 05:32:00
261,1514611980,0.024598,0.024598,0.024598,0.024598,0.000000,0.00000000,0,2017-12-30 05:33:00
262,1514612040,0.023986,0.023988,0.023986,0.023988,0.023987,6.49480000,2,2017-12-30 05:34:00
263,1514612100,0.023988,0.023988,0.023988,0.023988,0.000000,0.00000000,0,2017-12-30 05:35:00
264,1514612160,0.023988,0.023988,0.023988,0.023988,0.000000,0.00000000,0,2017-12-30 05:36:00
265,1514612220,0.023993,0.023994,0.023993,0.023994,0.023993,1.34745170,3,2017-12-30 05:37:00
266,1514612280,0.024326,0.024326,0.024326,0.024326,0.024326,2.72300000,1,2017-12-30 05:38:00
267,1514612400,0.024326,0.024326,0.024326,0.024326,0.000000,0.00000000,0,2017-12-30 05:40:00
268,1514612460,0.024326,0.024326,0.024326,0.024326,0.024326,32.35573104,9,2017-12-30 05:41:00
269,1514612520,0.024326,0.024326,0.024326,0.024326,0.000000,0.00000000,0,2017-12-30 05:42:00
270,1514612580,0.024308,0.024324,0.024308,0.024324,0.024317,3.90000000,2,2017-12-30 05:43:00
271,1514612640,0.024324,0.024324,0.024324,0.024324,0.000000,0.00000000,0,2017-12-30 05:44:00
272,1514612700,0.024138,0.024143,0.024097,0.024143,0.024119,11.39885516,10,2017-12-30 05:45:00
273,1514612760,0.024143,0.024188,0.024143,0.024188,0.024160,2.00000000,2,2017-12-30 05:46:00
274,1514612820,0.024188,0.024188,0.024188,0.024188,0.000000,0.00000000,0,2017-12-30 05:47:00
275,1514612880,0.024188,0.024188,0.024135,0.024135,0.024135,0.50000000,1,2017-12-30 05:48:00
276,1514612940,0.024135,0.024135,0.024135,0.024135,0.000000,0.00000000,0,2017-12-30 05:49:00
277,1514613000,0.024135,0.024191,0.024135,0.024191,0.024188,2.50000000,3,2017-12-30 05:50:00
278,1514613060,0.024137,0.024137,0.024126,0.024126,0.024134,5.81228108,5,2017-12-30 05:51:00
279,1514613120,0.024134,0.024134,0.024134,0.024134,0.024134,1.26047020,1,2017-12-30 05:52:00
280,1514613360,0.024134,0.024134,0.024134,0.024134,0.000000,0.00000000,0,2017-12-30 05:56:00
281,1514613420,0.024134,0.024134,0.024134,0.024134,0.000000,0.00000000,0,2017-12-30 05:57:00
282,1514613480,0.024134,0.024134,0.024134,0.024134,0.000000,0.00000000,0,2017-12-30 05:58:00
283,1514613540,0.024134,0.024134,0.024134,0.024134,0.000000,0.00000000,0,2017-12-30 05:59:00
284,1514613600,0.024134,0.024134,0.024134,0.024134,0.000000,0.00000000,0,2017-12-30 06:00:00
285,1514613660,0.024134,0.024134,0.024134,0.024134,0.000000,0.00000000,0,2017-12-30 06:01:00
286,1514613720,0.024058,0.024058,0.024058,0.024058,0.024058,0.50000000,1,2017-12-30 06:02:00
287,1514613840,0.024058,0.024058,0.024058,0.024058,0.000000,0.00000000,0,2017-12-30 06:04:00
288,1514613900,0.024058,0.024058,0.024058,0.024058,0.000000,0.00000000,0,2017-12-30 06:05:00
289,1514613960,0.024054,0.024054,0.024054,0.024054,0.024054,1.25423152,1,2017-12-30 06:06:00
290,1514614020,0.024054,0.024085,0.024054,0.024085,0.024083,2.35294208,3,2017-12-30 06:07:00
291,1514614080,0.024000,0.024000,0.023926,0.023926,0.023965,9.15062005,4,2017-12-30 06:08:00
292,1514614140,0.024034,0.024068,0.024034,0.024068,0.024045,3.18688017,3,2017-12-30 06:09:00
293,1514614200,0.024068,0.024079,0.024068,0.024079,0.024075,1.83988635,2,2017-12-30 06:10:00
294,1514614260,0.024052,0.024135,0.024052,0.024135,0.024106,3.80483770,4,2017-12-30 06:11:00
295,1514614320,0.024135,0.024218,0.024135,0.024218,0.024181,2.00000000,3,2017-12-30 06:12:00
296,1514614380,0.024218,0.024218,0.024218,0.024218,0.000000,0.00000000,0,2017-12-30 06:13:00
297,1514614440,0.024218,0.024218,0.024218,0.024218,0.000000,0.00000000,0,2017-12-30 06:14:00
298,1514614500,0.024035,0.024035,0.024035,0.024035,0.024035,1.25652660,1,2017-12-30 06:15:00
299,1514614560,0.024100,0.024100,0.024100,0.024100,0.024100,0.50000000,1,2017-12-30 06:16:00
300,1514614620,0.024100,0.024100,0.024100,0.024100,0.024100,16.25945666,3,2017-12-30 06:17:00
301,1514614680,0.024100,0.024100,0.024100,0.024100,0.024100,5.93565840,2,2017-12-30 06:18:00
302,1514614740,0.024100,0.024100,0.024100,0.024100,0.024100,17.54213427,2,2017-12-30 06:19:00
303,1514614800,0.024100,0.024100,0.024100,0.024100,0.000000,0.00000000,0,2017-12-30 06:20:00
304,1514614860,0.024100,0.024100,0.024100,0.024100,0.024100,8.69565836,2,2017-12-30 06:21:00
305,1514614920,0.024100,0.024100,0.024100,0.024100,0.024100,44.08356098,2,2017-12-30 06:22:00
306,1514614980,0.024100,0.024100,0.024100,0.024100,0.024100,30.20833253,1,2017-12-30 06:23:00
307,1514615040,0.024100,0.024100,0.024100,0.024100,0.000000,0.00000000,0,2017-12-30 06:24:00
308,1514615100,0.023926,0.023926,0.023926,0.023926,0.023926,0.40000000,1,2017-12-30 06:25:00
309,1514615160,0.023926,0.023926,0.023926,0.023926,0.000000,0.00000000,0,2017-12-30 06:26:00
310,1514615220,0.022062,0.023926,0.022062,0.023926,0.023389,0.52114810,3,2017-12-30 06:27:00
311,1514615280,0.023926,0.023926,0.023926,0.023926,0.000000,0.00000000,0,2017-12-30 06:28:00
312,1514615340,0.023926,0.023987,0.023926,0.023987,0.023926,25.31778585,4,2017-12-30 06:29:00
313,1514615400,0.023926,0.023927,0.023926,0.023927,0.023926,4.00958606,3,2017-12-30 06:30:00
314,1514615460,0.023927,0.024080,0.023927,0.024080,0.024061,8.74649030,3,2017-12-30 06:31:00
315,1514615520,0.024080,0.024110,0.023850,0.023850,0.023973,19.86945199,7,2017-12-30 06:32:00
316,1514615580,0.023850,0.023850,0.023850,0.023850,0.000000,0.00000000,0,2017-12-30 06:33:00
317,1514615640,0.023850,0.023934,0.023850,0.023933,0.023933,5.90000000,3,2017-12-30 06:34:00
318,1514615700,0.023933,0.023933,0.023933,0.023933,0.000000,0.00000000,0,2017-12-30 06:35:00
319,1514615760,0.023933,0.023933,0.023933,0.023933,0.000000,0.00000000,0,2017-12-30 06:36:00
320,1514615820,0.023933,0.023933,0.023933,0.023933,0.000000,0.00000000,0,2017-12-30 06:37:00
321,1514615880,0.023933,0.023933,0.023933,0.023933,0.000000,0.00000000,0,2017-12-30 06:38:00
322,1514615940,0.023945,0.023945,0.023939,0.023939,0.023941,2.52286267,2,2017-12-30 06:39:00
323,1514616000,0.023926,0.023926,0.023809,0.023809,0.023891,2.55148247,3,2017-12-30 06:40:00
324,1514616060,0.023809,0.023809,0.023809,0.023809,0.000000,0.00000000,0,2017-12-30 06:41:00
325,1514616120,0.023816,0.023816,0.023816,0.023816,0.023816,2.00000000,1,2017-12-30 06:42:00
326,1514616180,0.023816,0.023816,0.023816,0.023816,0.000000,0.00000000,0,2017-12-30 06:43:00
327,1514616240,0.023816,0.023816,0.023816,0.023816,0.000000,0.00000000,0,2017-12-30 06:44:00
328,1514616300,0.023825,0.023825,0.023825,0.023825,0.023825,1.20000000,2,2017-12-30 06:45:00
329,1514616360,0.023825,0.023825,0.023825,0.023825,0.000000,0.00000000,0,2017-12-30 06:46:00
330,1514616420,0.023956,0.023956,0.023956,0.023956,0.023956,0.25000000,1,2017-12-30 06:47:00
331,1514616480,0.023956,0.023956,0.023956,0.023956,0.000000,0.00000000,0,2017-12-30 06:48:00
332,1514616540,0.023956,0.023956,0.023956,0.023956,0.000000,0.00000000,0,2017-12-30 06:49:00
333,1514616600,0.023944,0.023944,0.023944,0.023944,0.023944,0.41743000,1,2017-12-30 06:50:00
334,1514616660,0.023944,0.023944,0.023944,0.023944,0.000000,0.00000000,0,2017-12-30 06:51:00
335,1514616720,0.023944,0.023944,0.023944,0.023944,0.000000,0.00000000,0,2017-12-30 06:52:00
336,1514616780,0.023944,0.023944,0.023944,0.023944,0.000000,0.00000000,0,2017-12-30 06:53:00
337,1514616840,0.023944,0.023944,0.023944,0.023944,0.000000,0.00000000,0,2017-12-30 06:54:00
338,1514616900,0.023944,0.023944,0.023944,0.023944,0.000000,0.00000000,0,2017-12-30 06:55:00
339,1514616960,0.023825,0.023825,0.023816,0.023816,0.023823,27.58637901,4,2017-12-30 06:56:00
340,1514617020,0.023816,0.023827,0.023816,0.023827,0.023825,3.98550000,3,2017-12-30 06:57:00
341,1514617080,0.023843,0.023843,0.023827,0.023827,0.023829,6.60280000,3,2017-12-30 06:58:00
342,1514617140,0.023843,0.023843,0.023843,0.023843,0.023843,0.34540000,1,2017-12-30 06:59:00
343,1514617200,0.023843,0.023843,0.023843,0.023843,0.000000,0.00000000,0,2017-12-30 07:00:00
344,1514617260,0.023846,0.023958,0.023846,0.023958,0.023912,2.12349753,2,2017-12-30 07:01:00
345,1514617320,0.023958,0.023958,0.023958,0.023958,0.000000,0.00000000,0,2017-12-30 07:02:00
346,1514617380,0.023958,0.024162,0.023958,0.024162,0.024155,1.39793911,3,2017-12-30 07:03:00
347,1514617500,0.024162,0.024162,0.024162,0.024162,0.000000,0.00000000,0,2017-12-30 07:05:00
348,1514617560,0.024162,0.024162,0.024162,0.024162,0.000000,0.00000000,0,2017-12-30 07:06:00
349,1514617620,0.024162,0.024162,0.024162,0.024162,0.024162,2.00000000,1,2017-12-30 07:07:00
350,1514617680,0.024162,0.024162,0.024162,0.024162,0.000000,0.00000000,0,2017-12-30 07:08:00
351,1514617740,0.024162,0.024162,0.024162,0.024162,0.000000,0.00000000,0,2017-12-30 07:09:00
352,1514617800,0.024162,0.024162,0.024162,0.024162,0.000000,0.00000000,0,2017-12-30 07:10:00
353,1514617860,0.024162,0.024162,0.024162,0.024162,0.000000,0.00000000,0,2017-12-30 07:11:00
354,1514617920,0.024025,0.024025,0.023955,0.023955,0.024021,5.99068381,2,2017-12-30 07:12:00
355,1514617980,0.024024,0.024024,0.024024,0.024024,0.024024,2.48835796,2,2017-12-30 07:13:00
356,1514618040,0.024024,0.024024,0.024024,0.024024,0.000000,0.00000000,0,2017-12-30 07:14:00
357,1514618100,0.024024,0.024024,0.024024,0.024024,0.000000,0.00000000,0,2017-12-30 07:15:00
358,1514618160,0.024024,0.024024,0.024024,0.024024,0.000000,0.00000000,0,2017-12-30 07:16:00
359,1514618220,0.023955,0.023955,0.023943,0.023943,0.023951,5.00000000,5,2017-12-30 07:17:00
360,1514618280,0.023943,0.023943,0.023943,0.023943,0.023943,1.24775100,2,2017-12-30 07:18:00
361,1514618340,0.023943,0.023943,0.023943,0.023943,0.000000,0.00000000,0,2017-12-30 07:19:00
362,1514618400,0.023950,0.023950,0.023950,0.023950,0.023950,6.74384384,2,2017-12-30 07:20:00
363,1514618460,0.023950,0.023950,0.023950,0.023950,0.023950,7.75615616,3,2017-12-30 07:21:00
364,1514618580,0.023950,0.023950,0.023950,0.023950,0.000000,0.00000000,0,2017-12-30 07:23:00
365,1514618640,0.023950,0.023950,0.023950,0.023950,0.000000,0.00000000,0,2017-12-30 07:24:00
366,1514618700,0.023950,0.023950,0.023950,0.023950,0.023950,2.37842000,1,2017-12-30 07:25:00
367,1514618760,0.023950,0.023950,0.023950,0.023950,0.023950,1.02368210,2,2017-12-30 07:26:00
368,1514618820,0.023950,0.023950,0.023950,0.023950,0.000000,0.00000000,0,2017-12-30 07:27:00
369,1514618880,0.023943,0.023943,0.023931,0.023931,0.023934,3.43895532,4,2017-12-30 07:28:00
370,1514618940,0.023926,0.023926,0.023926,0.023926,0.023926,0.25302569,1,2017-12-30 07:29:00
371,1514619000,0.023925,0.023925,0.023925,0.023925,0.023925,1.24664722,1,2017-12-30 07:30:00
372,1514619060,0.023925,0.023925,0.023917,0.023917,0.023917,0.25000000,2,2017-12-30 07:31:00
373,1514619120,0.023917,0.023917,0.023910,0.023910,0.023914,1.66920134,3,2017-12-30 07:32:00
374,1514619180,0.023910,0.023910,0.023831,0.023831,0.023882,4.32242320,4,2017-12-30 07:33:00
375,1514619240,0.023806,0.023806,0.023794,0.023794,0.023803,8.44189740,8,2017-12-30 07:34:00
376,1514619300,0.023801,0.023801,0.023527,0.023527,0.023661,3.47828336,3,2017-12-30 07:35:00
377,1514619360,0.023750,0.023750,0.023750,0.023750,0.023750,1.07807808,1,2017-12-30 07:36:00
378,1514619420,0.023750,0.023786,0.023750,0.023786,0.023770,1.35344945,4,2017-12-30 07:37:00
379,1514619480,0.023750,0.023786,0.023750,0.023786,0.023765,2.53065706,6,2017-12-30 07:38:00
380,1514619540,0.023786,0.023820,0.023765,0.023765,0.023799,10.07054832,6,2017-12-30 07:39:00
381,1514619600,0.023765,0.023822,0.023717,0.023717,0.023755,3.32043232,5,2017-12-30 07:40:00
382,1514619660,0.023693,0.023693,0.023618,0.023618,0.023674,4.20049044,3,2017-12-30 07:41:00
383,1514619720,0.023618,0.023618,0.023618,0.023618,0.000000,0.00000000,0,2017-12-30 07:42:00
384,1514619780,0.023703,0.023703,0.023620,0.023620,0.023637,2.10000000,2,2017-12-30 07:43:00
385,1514619900,0.023620,0.023620,0.023620,0.023620,0.000000,0.00000000,0,2017-12-30 07:45:00
386,1514619960,0.023620,0.023620,0.023620,0.023620,0.000000,0.00000000,0,2017-12-30 07:46:00
387,1514620020,0.023620,0.023620,0.023620,0.023620,0.000000,0.00000000,0,2017-12-30 07:47:00
388,1514620080,0.023620,0.023620,0.023620,0.023620,0.000000,0.00000000,0,2017-12-30 07:48:00
389,1514620140,0.023620,0.023620,0.023620,0.023620,0.000000,0.00000000,0,2017-12-30 07:49:00
390,1514620200,0.023620,0.023620,0.023620,0.023620,0.000000,0.00000000,0,2017-12-30 07:50:00
391,1514620260,0.022504,0.023985,0.022503,0.023985,0.023561,3.50000000,6,2017-12-30 07:51:00
392,1514620320,0.023984,0.023985,0.023984,0.023985,0.023984,4.00000000,2,2017-12-30 07:52:00
393,1514620380,0.022525,0.022525,0.022525,0.022525,0.022525,0.48000000,1,2017-12-30 07:53:00
394,1514620440,0.022530,0.022530,0.022528,0.022528,0.022529,1.02920000,3,2017-12-30 07:54:00
395,1514620500,0.022528,0.022528,0.022528,0.022528,0.000000,0.00000000,0,2017-12-30 07:55:00
396,1514620560,0.022528,0.022528,0.022528,0.022528,0.000000,0.00000000,0,2017-12-30 07:56:00
397,1514620620,0.024000,0.024000,0.024000,0.024000,0.024000,0.14800000,1,2017-12-30 07:57:00
398,1514620680,0.023981,0.024000,0.023981,0.023981,0.023986,8.75769587,4,2017-12-30 07:58:00
399,1514620740,0.023997,0.024000,0.023997,0.024000,0.023998,4.47711354,5,2017-12-30 07:59:00
400,1514620800,0.024000,0.024000,0.023999,0.023999,0.023999,3.40539220,4,2017-12-30 08:00:00
401,1514620860,0.023999,0.023999,0.023999,0.023999,0.000000,0.00000000,0,2017-12-30 08:01:00
402,1514620920,0.024068,0.024068,0.024068,0.024068,0.024068,1.22854140,1,2017-12-30 08:02:00
403,1514620980,0.024068,0.024068,0.024068,0.024068,0.000000,0.00000000,0,2017-12-30 08:03:00
404,1514621040,0.024093,0.024093,0.024093,0.024093,0.024093,1.22400000,2,2017-12-30 08:04:00
405,1514621100,0.024093,0.024093,0.024093,0.024093,0.000000,0.00000000,0,2017-12-30 08:05:00
406,1514621160,0.024093,0.024093,0.024093,0.024093,0.024093,1.00000000,1,2017-12-30 08:06:00
407,1514621220,0.024093,0.024093,0.024093,0.024093,0.024093,0.22243848,2,2017-12-30 08:07:00
408,1514621280,0.024078,0.024078,0.024061,0.024078,0.024072,3.75790160,5,2017-12-30 08:08:00
409,1514621340,0.024098,0.024098,0.024098,0.024098,0.024098,0.48050000,1,2017-12-30 08:09:00
410,1514621400,0.024179,0.024179,0.024179,0.024179,0.024179,1.00000000,1,2017-12-30 08:10:00
411,1514621460,0.024177,0.024177,0.024177,0.024177,0.024177,0.30000000,1,2017-12-30 08:11:00
412,1514621520,0.024177,0.024177,0.024177,0.024177,0.000000,0.00000000,0,2017-12-30 08:12:00
413,1514621580,0.024177,0.024178,0.024177,0.024178,0.024177,1.47188455,2,2017-12-30 08:13:00
414,1514621640,0.024178,0.024178,0.024102,0.024102,0.024158,3.75024600,2,2017-12-30 08:14:00
415,1514621700,0.023956,0.023956,0.023955,0.023955,0.023955,120.00000000,2,2017-12-30 08:15:00
416,1514621760,0.024281,0.024281,0.024281,0.024281,0.024281,0.14826407,1,2017-12-30 08:16:00
417,1514621820,0.024105,0.024105,0.024105,0.024105,0.024105,1.03814041,1,2017-12-30 08:17:00
418,1514621880,0.024105,0.024105,0.024105,0.024105,0.000000,0.00000000,0,2017-12-30 08:18:00
419,1514622000,0.024105,0.024105,0.024105,0.024105,0.000000,0.00000000,0,2017-12-30 08:20:00
420,1514622060,0.024040,0.024040,0.024038,0.024038,0.024039,1.60000000,3,2017-12-30 08:21:00
421,1514622120,0.024042,0.024042,0.024042,0.024042,0.024042,1.50000000,1,2017-12-30 08:22:00
422,1514622180,0.024042,0.024127,0.024042,0.024127,0.024127,2.33964050,3,2017-12-30 08:23:00
423,1514622240,0.024127,0.024325,0.024053,0.024325,0.024196,11.43923659,10,2017-12-30 08:24:00
424,1514622300,0.024325,0.024325,0.024325,0.024325,0.000000,0.00000000,0,2017-12-30 08:25:00
425,1514622480,0.024325,0.024325,0.024325,0.024325,0.000000,0.00000000,0,2017-12-30 08:28:00
426,1514622540,0.024325,0.024325,0.024325,0.024325,0.000000,0.00000000,0,2017-12-30 08:29:00
427,1514622600,0.024325,0.024325,0.024325,0.024325,0.000000,0.00000000,0,2017-12-30 08:30:00
428,1514622660,0.024325,0.024325,0.024325,0.024325,0.000000,0.00000000,0,2017-12-30 08:31:00
429,1514622720,0.024325,0.024325,0.024325,0.024325,0.000000,0.00000000,0,2017-12-30 08:32:00
430,1514622780,0.024325,0.024325,0.024325,0.024325,0.000000,0.00000000,0,2017-12-30 08:33:00
431,1514622840,0.024325,0.024325,0.024325,0.024325,0.000000,0.00000000,0,2017-12-30 08:34:00
432,1514622900,0.024325,0.024325,0.024325,0.024325,0.000000,0.00000000,0,2017-12-30 08:35:00
433,1514623020,0.024325,0.024325,0.024325,0.024325,0.000000,0.00000000,0,2017-12-30 08:37:00
434,1514623080,0.024325,0.024325,0.024325,0.024325,0.000000,0.00000000,0,2017-12-30 08:38:00
435,1514623140,0.024325,0.024325,0.024325,0.024325,0.000000,0.00000000,0,2017-12-30 08:39:00
436,1514623200,0.024325,0.024325,0.024325,0.024325,0.000000,0.00000000,0,2017-12-30 08:40:00
437,1514623260,0.024325,0.024325,0.024325,0.024325,0.000000,0.00000000,0,2017-12-30 08:41:00
438,1514623500,0.024325,0.024325,0.024325,0.024325,0.000000,0.00000000,0,2017-12-30 08:45:00
439,1514623560,0.024325,0.024325,0.024325,0.024325,0.000000,0.00000000,0,2017-12-30 08:46:00
440,1514623620,0.024163,0.024163,0.022301,0.023500,0.022752,103.16466998,24,2017-12-30 08:47:00
441,1514623680,0.023500,0.024250,0.023500,0.024250,0.023924,1.27943014,2,2017-12-30 08:48:00
442,1514623740,0.024196,0.024196,0.024196,0.024196,0.024196,0.55868070,1,2017-12-30 08:49:00
443,1514623800,0.024196,0.024196,0.024196,0.024196,0.000000,0.00000000,0,2017-12-30 08:50:00
444,1514623860,0.024196,0.024196,0.024196,0.024196,0.000000,0.00000000,0,2017-12-30 08:51:00
445,1514623920,0.024253,0.024261,0.024253,0.024261,0.024256,2.46236680,4,2017-12-30 08:52:00
446,1514623980,0.024274,0.024274,0.024274,0.024274,0.024274,3.68703308,4,2017-12-30 08:53:00
447,1514624040,0.024354,0.024354,0.024261,0.024262,0.024267,44.46475000,10,2017-12-30 08:54:00
448,1514624100,0.024270,0.024366,0.024270,0.024366,0.024312,1.89258584,3,2017-12-30 08:55:00
449,1514624220,0.024366,0.024366,0.024366,0.024366,0.000000,0.00000000,0,2017-12-30 08:57:00
450,1514624280,0.024366,0.024366,0.024334,0.024334,0.024349,2.97647420,4,2017-12-30 08:58:00
451,1514624340,0.024346,0.024370,0.024346,0.024370,0.024368,2.40000000,3,2017-12-30 08:59:00
452,1514624400,0.024370,0.024370,0.024370,0.024370,0.000000,0.00000000,0,2017-12-30 09:00:00
453,1514624460,0.024370,0.024370,0.024319,0.024319,0.024323,1.79629416,3,2017-12-30 09:01:00
454,1514624520,0.024353,0.024353,0.024301,0.024301,0.024333,0.49979534,2,2017-12-30 09:02:00
455,1514624580,0.024301,0.024353,0.024301,0.024353,0.024353,3.83614171,4,2017-12-30 09:03:00
456,1514624640,0.024353,0.024353,0.024353,0.024353,0.024353,2.55700000,1,2017-12-30 09:04:00
457,1514624700,0.024353,0.024353,0.024353,0.024353,0.024353,1.56066451,2,2017-12-30 09:05:00
458,1514624760,0.024375,0.024422,0.024364,0.024364,0.024389,13.63220000,13,2017-12-30 09:06:00
459,1514624820,0.024422,0.024503,0.024422,0.024503,0.024469,8.46993906,8,2017-12-30 09:07:00
460,1514624880,0.024503,0.024541,0.024503,0.024541,0.024529,9.20598170,6,2017-12-30 09:08:00
461,1514624940,0.024541,0.024541,0.024541,0.024541,0.000000,0.00000000,0,2017-12-30 09:09:00
462,1514625000,0.024541,0.024541,0.024541,0.024541,0.000000,0.00000000,0,2017-12-30 09:10:00
463,1514625060,0.024519,0.024564,0.024519,0.024564,0.024531,4.54589228,5,2017-12-30 09:11:00
464,1514625120,0.024534,0.024534,0.024534,0.024534,0.024534,4.36538468,1,2017-12-30 09:12:00
465,1514625180,0.024535,0.024535,0.024519,0.024519,0.024528,2.05673580,2,2017-12-30 09:13:00
466,1514625240,0.024455,0.024564,0.024455,0.024564,0.024495,0.70049564,2,2017-12-30 09:14:00
467,1514625300,0.024564,0.024564,0.024411,0.024411,0.024411,0.70159300,1,2017-12-30 09:15:00
468,1514625360,0.024411,0.024427,0.024411,0.024427,0.024423,4.15963830,5,2017-12-30 09:16:00
469,1514625420,0.024427,0.024484,0.024385,0.024385,0.024399,15.41600000,12,2017-12-30 09:17:00
470,1514625480,0.024355,0.024355,0.024355,0.024355,0.024355,0.30000000,1,2017-12-30 09:18:00
471,1514625540,0.024394,0.024452,0.024312,0.024312,0.024340,12.58633844,12,2017-12-30 09:19:00
472,1514625660,0.024312,0.024312,0.024312,0.024312,0.000000,0.00000000,0,2017-12-30 09:21:00
473,1514625720,0.024312,0.024312,0.024285,0.024285,0.024300,5.30000000,6,2017-12-30 09:22:00
474,1514625780,0.024371,0.024398,0.024247,0.024247,0.024287,10.01971353,10,2017-12-30 09:23:00
475,1514625840,0.024247,0.024247,0.024247,0.024247,0.024247,1.09263136,1,2017-12-30 09:24:00
476,1514625900,0.024285,0.024302,0.024285,0.024302,0.024301,6.20407106,6,2017-12-30 09:25:00
477,1514625960,0.024304,0.024304,0.024304,0.024304,0.024304,0.99260640,1,2017-12-30 09:26:00
478,1514626020,0.024304,0.024304,0.024304,0.024304,0.024304,6.00739360,2,2017-12-30 09:27:00
479,1514626080,0.024304,0.024322,0.024304,0.024322,0.024321,4.23712200,5,2017-12-30 09:28:00
480,1514626140,0.024322,0.024329,0.024312,0.024312,0.024324,9.50000000,7,2017-12-30 09:29:00
481,1514626200,0.024312,0.024312,0.024280,0.024280,0.024301,3.69520788,3,2017-12-30 09:30:00
482,1514626260,0.024241,0.024241,0.024241,0.024241,0.024241,0.38044760,1,2017-12-30 09:31:00
483,1514626320,0.024248,0.024248,0.024246,0.024246,0.024246,12.07241600,3,2017-12-30 09:32:00
484,1514626380,0.024246,0.024400,0.024246,0.024400,0.024366,6.31774328,5,2017-12-30 09:33:00
485,1514626440,0.024337,0.024487,0.024337,0.024487,0.024417,5.52680457,5,2017-12-30 09:34:00
486,1514626500,0.024487,0.024487,0.024487,0.024487,0.000000,0.00000000,0,2017-12-30 09:35:00
487,1514626560,0.024487,0.024487,0.024487,0.024487,0.000000,0.00000000,0,2017-12-30 09:36:00
488,1514626620,0.024420,0.024420,0.024420,0.024420,0.024420,1.48821030,2,2017-12-30 09:37:00
489,1514626680,0.024420,0.024420,0.024341,0.024341,0.024366,3.02227762,2,2017-12-30 09:38:00
490,1514626740,0.024341,0.024341,0.024341,0.024341,0.000000,0.00000000,0,2017-12-30 09:39:00
491,1514626800,0.024528,0.024528,0.024344,0.024344,0.024416,6.87204783,5,2017-12-30 09:40:00
492,1514626860,0.024344,0.024344,0.024268,0.024344,0.024318,2.93969520,5,2017-12-30 09:41:00
493,1514626920,0.024344,0.024344,0.024344,0.024344,0.000000,0.00000000,0,2017-12-30 09:42:00
494,1514626980,0.024250,0.024357,0.024175,0.024357,0.024353,84.08782300,7,2017-12-30 09:43:00
495,1514627040,0.024252,0.024353,0.024252,0.024353,0.024316,19.96400000,4,2017-12-30 09:44:00
496,1514627100,0.024263,0.024263,0.024246,0.024249,0.024251,8.97950832,6,2017-12-30 09:45:00
497,1514627160,0.024353,0.024395,0.022760,0.022760,0.024219,11.49335105,12,2017-12-30 09:46:00
498,1514627280,0.022760,0.022760,0.022760,0.022760,0.000000,0.00000000,0,2017-12-30 09:48:00
499,1514627340,0.024438,0.024438,0.024414,0.024414,0.024428,7.46900000,2,2017-12-30 09:49:00
500,1514627400,0.022791,0.022791,0.022791,0.022791,0.022791,0.11000000,1,2017-12-30 09:50:00
501,1514627460,0.024436,0.024950,0.024436,0.024950,0.024541,87.25000000,19,2017-12-30 09:51:00
502,1514627520,0.024440,0.024440,0.024439,0.024439,0.024439,202.99777611,6,2017-12-30 09:52:00
503,1514627580,0.024439,0.024440,0.024439,0.024439,0.024439,15.58310718,3,2017-12-30 09:53:00
504,1514627640,0.024442,0.024443,0.024442,0.024442,0.024442,21.01464249,5,2017-12-30 09:54:00
505,1514627700,0.024444,0.024444,0.024443,0.024443,0.024443,10.49652007,3,2017-12-30 09:55:00
506,1514627760,0.024443,0.024443,0.024443,0.024443,0.000000,0.00000000,0,2017-12-30 09:56:00
507,1514627820,0.024447,0.024447,0.024447,0.024447,0.024447,0.28329000,1,2017-12-30 09:57:00
508,1514627880,0.024447,0.024447,0.024447,0.024447,0.000000,0.00000000,0,2017-12-30 09:58:00
509,1514627940,0.024645,0.024645,0.024536,0.024536,0.024584,1.80332810,3,2017-12-30 09:59:00
510,1514628000,0.024536,0.024536,0.024536,0.024536,0.000000,0.00000000,0,2017-12-30 10:00:00
511,1514628060,0.024541,0.024541,0.024540,0.024540,0.024540,3.99709000,2,2017-12-30 10:01:00
512,1514628120,0.024925,0.024925,0.024925,0.024925,0.024925,0.40000000,1,2017-12-30 10:02:00
513,1514628180,0.024925,0.024925,0.024925,0.024925,0.000000,0.00000000,0,2017-12-30 10:03:00
514,1514628240,0.024925,0.024925,0.024925,0.024925,0.000000,0.00000000,0,2017-12-30 10:04:00
515,1514628360,0.024925,0.024925,0.024925,0.024925,0.000000,0.00000000,0,2017-12-30 10:06:00
516,1514628420,0.024925,0.024925,0.024925,0.024925,0.000000,0.00000000,0,2017-12-30 10:07:00
517,1514628480,0.024925,0.024925,0.024925,0.024925,0.000000,0.00000000,0,2017-12-30 10:08:00
518,1514628540,0.024925,0.024925,0.024925,0.024925,0.000000,0.00000000,0,2017-12-30 10:09:00
519,1514628600,0.024649,0.024950,0.024649,0.024950,0.024841,22.00000000,8,2017-12-30 10:10:00
520,1514628660,0.024623,0.024623,0.024623,0.024623,0.024623,1.21605432,2,2017-12-30 10:11:00
521,1514628720,0.024623,0.024626,0.024623,0.024626,0.024624,17.23905502,15,2017-12-30 10:12:00
522,1514628780,0.024628,0.024633,0.024620,0.024620,0.024627,18.29107376,11,2017-12-30 10:13:00
523,1514628840,0.024634,0.024708,0.024633,0.024708,0.024661,2.41395680,5,2017-12-30 10:14:00
524,1514628900,0.024636,0.024636,0.024619,0.024619,0.024629,12.50000000,3,2017-12-30 10:15:00
525,1514628960,0.024708,0.024708,0.024531,0.024531,0.024597,5.25682001,5,2017-12-30 10:16:00
526,1514629020,0.024637,0.024637,0.024635,0.024635,0.024636,2.45782792,2,2017-12-30 10:17:00
527,1514629080,0.024637,0.024637,0.024635,0.024635,0.024636,2.45697384,2,2017-12-30 10:18:00
528,1514629140,0.024635,0.024635,0.024635,0.024635,0.000000,0.00000000,0,2017-12-30 10:19:00
529,1514629200,0.024583,0.024608,0.024573,0.024573,0.024596,6.68668436,7,2017-12-30 10:20:00
530,1514629260,0.024572,0.024681,0.024572,0.024681,0.024605,5.51841254,6,2017-12-30 10:21:00
531,1514629320,0.024602,0.024602,0.024598,0.024598,0.024600,2.25394180,3,2017-12-30 10:22:00
532,1514629380,0.024582,0.024596,0.024582,0.024596,0.024588,6.44502276,7,2017-12-30 10:23:00
533,1514629440,0.024635,0.024635,0.024635,0.024635,0.024635,1.24288328,2,2017-12-30 10:24:00
534,1514629500,0.024635,0.024635,0.024598,0.024598,0.024600,6.00085440,4,2017-12-30 10:25:00
535,1514629560,0.024598,0.024598,0.024598,0.024598,0.000000,0.00000000,0,2017-12-30 10:26:00
536,1514629620,0.024662,0.024662,0.024662,0.024662,0.024662,0.89190720,1,2017-12-30 10:27:00
537,1514629680,0.024662,0.024662,0.024662,0.024662,0.024662,6.12555223,3,2017-12-30 10:28:00
538,1514629740,0.024681,0.024712,0.024662,0.024662,0.024680,5.40871595,7,2017-12-30 10:29:00
539,1514629800,0.024662,0.024725,0.024662,0.024725,0.024718,3.90091892,5,2017-12-30 10:30:00
540,1514629860,0.024725,0.024725,0.024662,0.024662,0.024689,1.25522535,2,2017-12-30 10:31:00
541,1514629920,0.024662,0.024662,0.024662,0.024662,0.024662,5.03892267,4,2017-12-30 10:32:00
542,1514629980,0.024662,0.024662,0.024662,0.024662,0.024662,2.46252468,4,2017-12-30 10:33:00
543,1514630040,0.024662,0.024662,0.024597,0.024597,0.024650,3.83648686,5,2017-12-30 10:34:00
544,1514630100,0.024597,0.024597,0.024597,0.024597,0.024597,0.54223194,2,2017-12-30 10:35:00
545,1514630160,0.024487,0.024487,0.024487,0.024487,0.024487,2.95702951,7,2017-12-30 10:36:00
546,1514630220,0.024487,0.024487,0.024487,0.024487,0.024487,0.57574878,2,2017-12-30 10:37:00
547,1514630280,0.024487,0.024487,0.024487,0.024487,0.000000,0.00000000,0,2017-12-30 10:38:00
548,1514630340,0.024588,0.024588,0.024588,0.024588,0.024588,2.61300000,1,2017-12-30 10:39:00
549,1514630400,0.024487,0.024570,0.024487,0.024570,0.024539,1.45917000,4,2017-12-30 10:40:00
550,1514630460,0.024500,0.024500,0.024461,0.024461,0.024496,2.82042197,3,2017-12-30 10:41:00
551,1514630520,0.024461,0.024461,0.024461,0.024461,0.000000,0.00000000,0,2017-12-30 10:42:00
552,1514630580,0.024498,0.024498,0.024498,0.024498,0.024498,0.50000000,1,2017-12-30 10:43:00
553,1514630640,0.024498,0.024498,0.024498,0.024498,0.000000,0.00000000,0,2017-12-30 10:44:00
554,1514630700,0.024462,0.024462,0.024351,0.024351,0.024455,30.54135000,5,2017-12-30 10:45:00
555,1514630760,0.024351,0.024351,0.024351,0.024351,0.000000,0.00000000,0,2017-12-30 10:46:00
556,1514630820,0.024461,0.024461,0.024461,0.024461,0.024461,0.12301252,1,2017-12-30 10:47:00
557,1514630880,0.024461,0.024461,0.024461,0.024461,0.024461,0.12301252,1,2017-12-30 10:48:00
558,1514631000,0.024461,0.024461,0.024461,0.024461,0.000000,0.00000000,0,2017-12-30 10:50:00
559,1514631060,0.024461,0.024461,0.024461,0.024461,0.024461,1.02325496,2,2017-12-30 10:51:00
560,1514631120,0.024465,0.024465,0.024465,0.024465,0.024465,7.14855276,2,2017-12-30 10:52:00
561,1514631180,0.024465,0.024465,0.024465,0.024465,0.024465,9.45397556,8,2017-12-30 10:53:00
562,1514631240,0.024450,0.024465,0.024444,0.024465,0.024462,8.07954047,10,2017-12-30 10:54:00
563,1514631300,0.024451,0.024465,0.024444,0.024465,0.024462,2.86887734,5,2017-12-30 10:55:00
564,1514631420,0.024465,0.024465,0.024465,0.024465,0.000000,0.00000000,0,2017-12-30 10:57:00
565,1514631480,0.024500,0.024500,0.024500,0.024500,0.024500,0.55200000,1,2017-12-30 10:58:00
566,1514631540,0.024537,0.024553,0.024537,0.024553,0.024540,8.77903103,9,2017-12-30 10:59:00
567,1514631600,0.024553,0.024553,0.024553,0.024553,0.000000,0.00000000,0,2017-12-30 11:00:00
568,1514631660,0.024553,0.024619,0.024553,0.024619,0.024577,12.50190753,9,2017-12-30 11:01:00
569,1514631720,0.024627,0.024627,0.024627,0.024627,0.024627,0.32936965,1,2017-12-30 11:02:00
570,1514631780,0.024627,0.024627,0.024627,0.024627,0.000000,0.00000000,0,2017-12-30 11:03:00
571,1514631840,0.024627,0.024638,0.024521,0.024521,0.024603,6.42235551,6,2017-12-30 11:04:00
572,1514631900,0.024627,0.024627,0.024627,0.024627,0.024627,0.50000000,2,2017-12-30 11:05:00
573,1514631960,0.024665,0.024666,0.024665,0.024666,0.024665,1.40469828,3,2017-12-30 11:06:00
574,1514632020,0.024666,0.024666,0.024666,0.024666,0.024666,0.35000000,1,2017-12-30 11:07:00
575,1514632080,0.024666,0.024666,0.024666,0.024666,0.024666,0.30000000,1,2017-12-30 11:08:00
576,1514632140,0.024666,0.024666,0.024666,0.024666,0.024666,1.47904723,3,2017-12-30 11:09:00
577,1514632200,0.024666,0.024666,0.024666,0.024666,0.000000,0.00000000,0,2017-12-30 11:10:00
578,1514632260,0.024638,0.024638,0.024638,0.024638,0.024638,0.25341521,1,2017-12-30 11:11:00
579,1514632320,0.024638,0.024638,0.024638,0.024638,0.000000,0.00000000,0,2017-12-30 11:12:00
580,1514632380,0.024638,0.024638,0.024638,0.024638,0.024638,0.36144944,2,2017-12-30 11:13:00
581,1514632440,0.024638,0.024638,0.024638,0.024638,0.024638,0.73531599,3,2017-12-30 11:14:00
582,1514632500,0.024633,0.024633,0.024633,0.024633,0.024633,4.00000000,1,2017-12-30 11:15:00
583,1514632560,0.024566,0.024566,0.024371,0.024371,0.024446,13.01087211,11,2017-12-30 11:16:00
584,1514632620,0.024363,0.024440,0.024208,0.024440,0.024303,15.87216200,11,2017-12-30 11:17:00
585,1514632680,0.024419,0.024419,0.024419,0.024419,0.024419,2.01400000,3,2017-12-30 11:18:00
586,1514632740,0.024402,0.024426,0.024401,0.024419,0.024413,1.59557869,5,2017-12-30 11:19:00
587,1514632800,0.024388,0.024388,0.024388,0.024388,0.024388,2.23423423,2,2017-12-30 11:20:00
588,1514632860,0.024388,0.024398,0.024328,0.024328,0.024367,3.17439727,7,2017-12-30 11:21:00
589,1514632920,0.024300,0.024339,0.024300,0.024339,0.024326,3.45213087,8,2017-12-30 11:22:00
590,1514632980,0.024339,0.024342,0.024339,0.024342,0.024341,2.74572758,7,2017-12-30 11:23:00
591,1514633040,0.024342,0.024353,0.024342,0.024353,0.024350,2.71434365,4,2017-12-30 11:24:00
592,1514633100,0.024427,0.024427,0.024380,0.024380,0.024419,1.49124228,3,2017-12-30 11:25:00
593,1514633160,0.024380,0.024380,0.024380,0.024380,0.000000,0.00000000,0,2017-12-30 11:26:00
594,1514633220,0.024363,0.024363,0.024363,0.024363,0.024363,10.00000000,1,2017-12-30 11:27:00
595,1514633280,0.024552,0.024639,0.024552,0.024639,0.024600,2.79335971,4,2017-12-30 11:28:00
596,1514633340,0.024639,0.024639,0.024612,0.024613,0.024612,7.80000000,2,2017-12-30 11:29:00
597,1514633400,0.024613,0.024613,0.024613,0.024613,0.000000,0.00000000,0,2017-12-30 11:30:00
598,1514633460,0.024396,0.024396,0.024396,0.024396,0.024396,2.48809344,2,2017-12-30 11:31:00
599,1514633520,0.024372,0.024372,0.024349,0.024349,0.024355,0.74340952,2,2017-12-30 11:32:00
600,1514633580,0.024349,0.024349,0.024349,0.024349,0.000000,0.00000000,0,2017-12-30 11:33:00
601,1514633640,0.024345,0.024345,0.024345,0.024345,0.024345,0.10000000,1,2017-12-30 11:34:00
602,1514633700,0.024345,0.024345,0.024345,0.024345,0.024345,0.20550000,1,2017-12-30 11:35:00
603,1514633760,0.024345,0.024345,0.024345,0.024345,0.000000,0.00000000,0,2017-12-30 11:36:00
604,1514633820,0.024394,0.024394,0.024394,0.024394,0.024394,0.70219318,1,2017-12-30 11:37:00
605,1514633880,0.024394,0.024394,0.024394,0.024394,0.024394,0.54274826,1,2017-12-30 11:38:00
606,1514633940,0.024394,0.024394,0.024394,0.024394,0.000000,0.00000000,0,2017-12-30 11:39:00
607,1514634000,0.024400,0.024400,0.024400,0.024400,0.024400,1.24548374,5,2017-12-30 11:40:00
608,1514634060,0.024400,0.024400,0.024301,0.024301,0.024344,0.70422535,3,2017-12-30 11:41:00
609,1514634120,0.024301,0.024303,0.024301,0.024303,0.024303,2.00000000,1,2017-12-30 11:42:00
610,1514634240,0.024303,0.024303,0.024303,0.024303,0.000000,0.00000000,0,2017-12-30 11:44:00
611,1514634300,0.024457,0.024457,0.024310,0.024310,0.024383,1.00000000,2,2017-12-30 11:45:00
612,1514634360,0.024310,0.024310,0.024310,0.024310,0.000000,0.00000000,0,2017-12-30 11:46:00
613,1514634420,0.024335,0.024335,0.024335,0.024335,0.024335,4.31415000,1,2017-12-30 11:47:00
614,1514634480,0.024316,0.024316,0.024316,0.024316,0.024316,3.99788644,1,2017-12-30 11:48:00
615,1514634540,0.024316,0.024316,0.024316,0.024316,0.000000,0.00000000,0,2017-12-30 11:49:00
616,1514634600,0.024316,0.024316,0.024316,0.024316,0.000000,0.00000000,0,2017-12-30 11:50:00
617,1514634660,0.024316,0.024316,0.024316,0.024316,0.000000,0.00000000,0,2017-12-30 11:51:00
618,1514634720,0.024326,0.024326,0.024326,0.024326,0.024326,0.50000000,1,2017-12-30 11:52:00
619,1514634780,0.024326,0.024326,0.024326,0.024326,0.000000,0.00000000,0,2017-12-30 11:53:00
620,1514634840,0.024326,0.024326,0.024326,0.024326,0.000000,0.00000000,0,2017-12-30 11:54:00
621,1514634900,0.024326,0.024326,0.024326,0.024326,0.000000,0.00000000,0,2017-12-30 11:55:00
622,1514634960,0.024326,0.024326,0.024326,0.024326,0.000000,0.00000000,0,2017-12-30 11:56:00
623,1514635020,0.024326,0.024326,0.024326,0.024326,0.000000,0.00000000,0,2017-12-30 11:57:00
624,1514635080,0.024326,0.024326,0.024326,0.024326,0.000000,0.00000000,0,2017-12-30 11:58:00
625,1514635140,0.024326,0.024326,0.024326,0.024326,0.000000,0.00000000,0,2017-12-30 11:59:00
626,1514635200,0.024425,0.024425,0.024406,0.024406,0.024414,7.00000000,6,2017-12-30 12:00:00
627,1514635260,0.024406,0.024406,0.024406,0.024406,0.000000,0.00000000,0,2017-12-30 12:01:00
628,1514635320,0.024492,0.024502,0.024492,0.024502,0.024496,3.12524569,5,2017-12-30 12:02:00
629,1514635380,0.024424,0.024512,0.024417,0.024417,0.024423,11.20428250,4,2017-12-30 12:03:00
630,1514635440,0.024417,0.024417,0.024417,0.024417,0.024417,5.00000000,1,2017-12-30 12:04:00
631,1514635500,0.024417,0.024417,0.024417,0.024417,0.000000,0.00000000,0,2017-12-30 12:05:00
632,1514635560,0.024417,0.024417,0.024417,0.024417,0.000000,0.00000000,0,2017-12-30 12:06:00
633,1514635620,0.024417,0.024417,0.024417,0.024417,0.000000,0.00000000,0,2017-12-30 12:07:00
634,1514635680,0.024535,0.024535,0.024471,0.024471,0.024521,1.51192000,2,2017-12-30 12:08:00
635,1514635740,0.024549,0.024660,0.024549,0.024660,0.024576,6.38037356,6,2017-12-30 12:09:00
636,1514635800,0.024660,0.024660,0.024660,0.024660,0.024660,0.50000000,1,2017-12-30 12:10:00
637,1514635920,0.024660,0.024660,0.024660,0.024660,0.000000,0.00000000,0,2017-12-30 12:12:00
638,1514635980,0.024507,0.024507,0.024507,0.024507,0.024507,1.26681384,2,2017-12-30 12:13:00
639,1514636040,0.024509,0.024509,0.024509,0.024509,0.024509,0.88953341,1,2017-12-30 12:14:00
640,1514636100,0.024600,0.024600,0.024600,0.024600,0.024600,0.25832358,1,2017-12-30 12:15:00
641,1514636160,0.024600,0.024600,0.024600,0.024600,0.000000,0.00000000,0,2017-12-30 12:16:00
642,1514636220,0.024600,0.024600,0.024600,0.024600,0.000000,0.00000000,0,2017-12-30 12:17:00
643,1514636280,0.024510,0.024538,0.024510,0.024538,0.024530,0.97403213,2,2017-12-30 12:18:00
644,1514636400,0.024538,0.024538,0.024538,0.024538,0.000000,0.00000000,0,2017-12-30 12:20:00
645,1514636460,0.024538,0.024538,0.024538,0.024538,0.000000,0.00000000,0,2017-12-30 12:21:00
646,1514636520,0.024541,0.024541,0.024541,0.024541,0.024541,0.26196546,1,2017-12-30 12:22:00
647,1514636580,0.024541,0.024541,0.024541,0.024541,0.000000,0.00000000,0,2017-12-30 12:23:00
648,1514636640,0.024600,0.024600,0.024525,0.024525,0.024531,9.12063033,4,2017-12-30 12:24:00
649,1514636700,0.024600,0.024600,0.024526,0.024526,0.024556,0.84350000,2,2017-12-30 12:25:00
650,1514636760,0.024600,0.024600,0.024600,0.024600,0.024600,0.71598185,1,2017-12-30 12:26:00
651,1514636820,0.024600,0.024600,0.024600,0.024600,0.000000,0.00000000,0,2017-12-30 12:27:00
652,1514636880,0.024600,0.024600,0.024600,0.024600,0.000000,0.00000000,0,2017-12-30 12:28:00
653,1514636940,0.024600,0.024600,0.024600,0.024600,0.000000,0.00000000,0,2017-12-30 12:29:00
654,1514637000,0.024600,0.024600,0.024600,0.024600,0.000000,0.00000000,0,2017-12-30 12:30:00
655,1514637060,0.024545,0.024600,0.024523,0.024600,0.024545,4.69573815,3,2017-12-30 12:31:00
656,1514637120,0.024600,0.024600,0.024600,0.024600,0.000000,0.00000000,0,2017-12-30 12:32:00
657,1514637240,0.024600,0.024600,0.024600,0.024600,0.000000,0.00000000,0,2017-12-30 12:34:00
658,1514637300,0.024600,0.024600,0.024512,0.024512,0.024597,1.55557896,3,2017-12-30 12:35:00
659,1514637360,0.024550,0.024550,0.024550,0.024550,0.024550,0.20000000,1,2017-12-30 12:36:00
660,1514637420,0.024550,0.024550,0.024550,0.024550,0.000000,0.00000000,0,2017-12-30 12:37:00
661,1514637480,0.024528,0.024542,0.024528,0.024538,0.024536,4.07806960,5,2017-12-30 12:38:00
662,1514637540,0.024537,0.024537,0.024528,0.024528,0.024535,5.03104220,3,2017-12-30 12:39:00
663,1514637600,0.024528,0.024542,0.024511,0.024542,0.024515,9.96401194,11,2017-12-30 12:40:00
664,1514637660,0.024511,0.024565,0.024508,0.024538,0.024523,7.57404287,11,2017-12-30 12:41:00
665,1514637720,0.024510,0.024640,0.024324,0.024640,0.024461,39.86673505,35,2017-12-30 12:42:00
666,1514637780,0.024637,0.024637,0.024632,0.024632,0.024635,23.41326550,10,2017-12-30 12:43:00
667,1514637840,0.024631,0.024631,0.024630,0.024630,0.024630,4.77644290,4,2017-12-30 12:44:00
668,1514637900,0.024628,0.024628,0.024627,0.024627,0.024627,3.90685390,3,2017-12-30 12:45:00
669,1514637960,0.024628,0.024628,0.024628,0.024628,0.024628,0.26889990,1,2017-12-30 12:46:00
670,1514638020,0.024628,0.024628,0.024628,0.024628,0.000000,0.00000000,0,2017-12-30 12:47:00
671,1514638140,0.024628,0.024628,0.024628,0.024628,0.000000,0.00000000,0,2017-12-30 12:49:00
672,1514638200,0.024599,0.024599,0.024599,0.024599,0.024599,0.69000000,1,2017-12-30 12:50:00
673,1514638260,0.024599,0.024599,0.024599,0.024599,0.000000,0.00000000,0,2017-12-30 12:51:00
674,1514638320,0.024599,0.024599,0.024599,0.024599,0.000000,0.00000000,0,2017-12-30 12:52:00
675,1514638380,0.024594,0.024594,0.024594,0.024594,0.024594,2.05150000,1,2017-12-30 12:53:00
676,1514638440,0.024594,0.024594,0.024594,0.024594,0.000000,0.00000000,0,2017-12-30 12:54:00
677,1514638500,0.024373,0.024373,0.024330,0.024330,0.024336,1.30739616,2,2017-12-30 12:55:00
678,1514638560,0.024331,0.024331,0.024331,0.024331,0.024331,3.91701504,3,2017-12-30 12:56:00
679,1514638620,0.024331,0.024413,0.024331,0.024332,0.024333,9.14665968,12,2017-12-30 12:57:00
680,1514638680,0.024332,0.024413,0.024332,0.024413,0.024395,3.21329250,3,2017-12-30 12:58:00
681,1514638740,0.024413,0.024413,0.024413,0.024413,0.000000,0.00000000,0,2017-12-30 12:59:00
